price,year,manufacturer,make,fuel,miles,title_status,transmission,drive,type,paint_color,similarity
8.217602103706138e-05,0.125,0,0,1,1.8658805090122027e-05,0,1,0,0,1,0.2841000758932843
0.0017730496453900709,0.125,0,0,1,7.883326763894364e-05,0,1,0,0,1,0.2842592620830027
0.00011200716845878136,0.3333333333333333,0,0,0,3.1249023468016625e-05,0,1,0,0,1,0.21213423541138726
0.0001226241569589209,0.1111111111111111,0,0,0,3.6763354288445275e-05,1,1,0,0,1,0.2828427726020326
0.0001541782300339192,0.3333333333333333,0,0,1,0.00017780938833570413,1,1,1,0,1,0.48487866554106385
0.0002961208172934557,0.2,0,0,1,4.906530592218242e-05,1,1,1,0,1,0.47275865328392874
3.7537537537537536e-05,0.1,0,0,1,1.204804761388417e-05,0,1,0,0,1,0.28182268959865014
0.001364256480218281,0.09090909090909091,0,0,1,8.43497477942541e-06,0,1,0,0,1,0.2811165256694626
0.00011016855789357717,0.25,0,0,1,3.571301024963394e-05,1,1,0,0,1,0.3863768983243766
0.00024449877750611245,0.14285714285714285,0,0,1,1.0604341417376274e-05,1,1,0,0,1,0.37664656781600603
0.00015733165512901197,0.5,0,0,1,2.8408283855572283e-05,1,1,1,0,1,0.5000168854489986
0.00034281796366129587,0.5,0,0,1,1.8181487609316193e-05,1,1,0,0,1,0.4091237272228428
0.0005379236148466917,0.5,0,0,1,5.847919018017438e-06,1,1,1,0,1,0.5000494337758059
0.00015862944162436547,1.0,0,0,1,6.134517704218094e-06,1,1,1,0,1,0.5454695239963026
0.0003619254433586681,0.08333333333333333,0,0,0,6.666666666666667e-06,1,1,1,0,1,0.3712456295857599
0.0001199616122840691,0.14285714285714285,0,0,1,1.351333090093377e-05,0,1,0,0,1,0.28572641980002983
0.00020977554017201594,0.125,0,0,1,1.8181487609316193e-05,1,1,0,0,1,0.37502072336616193
0.00021141649048625792,0.2,0,0,1,3.333222225925803e-05,1,1,1,0,1,0.4727495226102496
0.0002991325157044571,0.09090909090909091,0,0,1,9.573867172166853e-06,1,1,1,0,1,0.46283798157199707
0.00011013215859030837,0.25,0,0,1,5.88200694076819e-05,1,1,1,0,1,0.47728808656618166
0.00013419216317767042,0.3333333333333333,0,0,1,1.7237812866303522e-05,1,1,1,0,1,0.48486225120994336
5.0055060566623285e-05,0.1111111111111111,0,0,1,1.694886527346994e-05,0,1,0,0,1,0.2828343740942683
0.00017866714311238162,0.3333333333333333,0,0,1,1.1764567475676756e-05,1,1,1,0,1,0.4848657968221746
0.0001541782300339192,0.16666666666666666,0,0,0,7.417847340701729e-05,1,1,0,1,1,0.37880863848819163
0.0015174506828528073,0.14285714285714285,0,0,0,3.333222225925803e-05,1,1,0,1,1,0.3767643568874778
0.00011061946902654867,0.125,0,0,0,6.671069572584573e-06,0,1,0,1,1,0.28410157186714535
0.0005434782608695652,0.1111111111111111,0,0,1,8.196049504139005e-05,1,1,0,1,1,0.4647033227151838
0.0013698630136986301,0.1111111111111111,0,0,0,0.0004997501249375312,0,1,0,1,1,0.28299824765906795
0.00026925148088314486,0.125,0,0,1,0.0001999600079984003,1,1,1,1,1,0.5568608374080801
0.00019353590090961874,0.1,0,0,0,0.000999000999000999,1,1,1,1,1,0.46374477608181003
0.0004928536224741252,0.14285714285714285,0,0,0,1.3588802826470989e-05,0,1,0,1,1,0.28576032593476763
0.0005367686527106817,0.25,0,0,0,3.1249023468016625e-05,0,1,0,1,1,0.29550618342510715
0.00010968520346605243,0.14285714285714285,0,0,0,1.5557180416621293e-05,0,1,0,1,1,0.2857256713855478
0.00048828125,0.1111111111111111,0,0,1,2.9410899679421194e-05,1,1,0,1,1,0.4646935275691628
5.109600940166573e-05,0.16666666666666666,0,0,0,9.09008271975275e-05,1,1,0,1,1,0.378800787591206
0.0002448579823702253,0.125,0,0,0,6.756711103303356e-06,1,1,1,1,1,0.46593196497213396
0.00011061946902654867,0.1111111111111111,0,0,1,1.769880179111874e-05,1,1,1,1,1,0.5555672208529026
0.0006697923643670462,0.125,0,0,1,0.00014283673760891302,0,1,0,1,1,0.3750738753729069
0.00011016855789357717,0.125,0,0,1,2.8168220613503847e-05,1,1,1,1,1,0.5568307578889552
0.0003846153846153846,0.14285714285714285,0,0,1,0.0001569612305760477,0,1,0,1,1,0.3766726108611213
0.0004478280340349306,0.1111111111111111,0,0,1,0.000434593654932638,1,1,1,1,1,0.5556357757090981
0.000224517287831163,0.125,0,0,1,6.73849906671788e-06,1,1,0,1,1,0.46593011416244523
0.00027122321670735016,0.125,0,0,1,1.7021853165749785e-07,1,1,0,1,1,0.4659337630395672
0.001607717041800643,0.1111111111111111,0,0,0,3.5942779095679676e-05,1,1,1,1,1,0.4647958882665461
0.0004478280340349306,0.125,0,0,1,2.150491387281994e-05,1,1,1,1,1,0.5568608484498099
0.0004478280340349306,0.1111111111111111,0,0,1,3.246647836109217e-05,0,1,0,1,1,0.37378103687486425
0.000224517287831163,0.16666666666666666,0,0,0,1.9607458677280836e-05,0,1,0,1,1,0.2879009810375614
0.00028074115665356543,0.16666666666666666,0,0,0,2.777700619427238e-05,0,1,0,1,1,0.2879068349845013
0.0003363605785401951,0.125,0,0,0,0.00011109876680368848,1,1,0,1,1,0.37504067812230396
0.0001577784790154623,0.3333333333333333,0,0,0,1.649430121892886e-05,0,1,0,1,1,0.30304614601032437
0.00011016855789357717,0.125,0,0,1,9.522902580706599e-05,1,1,0,1,1,0.46592776341670006
0.0008904719501335708,0.1111111111111111,0,0,1,0.00016663889351774705,1,1,1,1,1,0.5556516565413421
0.000384172109104879,0.16666666666666666,0,0,1,9.522902580706599e-05,0,1,0,1,1,0.3788314607092344
0.00016005121638924455,0.2,0,0,0,1.724108205030948e-05,1,1,1,1,1,0.47274339020894907
0.00011584800741427248,0.5,0,0,0,1.972347685449991e-05,1,1,0,1,1,0.4091032337712972
0.00020279862096937742,0.25,0,0,1,0.00010751532093323298,0,1,0,1,1,0.3863918467219911
0.00011016855789357717,0.125,0,0,1,4.877810838495683e-05,0,1,0,1,1,0.3750144496969344
0.0001913143294432753,0.25,0,0,0,6.6666222225185165e-06,1,1,1,1,1,0.4772907255410605
0.00011634671320535195,0.3333333333333333,0,0,0,6.671069572584573e-06,0,1,0,1,1,0.30304148646510104
0.00014188422247446084,1.0,0,0,0,0.001142857142857143,0,1,0,1,1,0.36375315830593924
0.00020588840848260242,1.0,0,0,1,3.846005922849121e-05,1,1,0,1,1,0.5454767589516101
0.0001585288522511097,0.1111111111111111,0,0,0,7.407352538129347e-06,1,1,0,1,1,0.3737524588469
0.00011013215859030837,0.1111111111111111,0,0,1,6.6666222225185165e-06,1,1,0,1,1,0.46465708271744766
0.0001913143294432753,0.16666666666666666,0,0,0,3.0302112057210386e-05,0,1,0,1,1,0.2878989348280152
0.00017866714311238162,0.25,0,0,0,3.225702396696881e-05,1,1,1,1,1,0.47729190219700723
0.000140548137737175,0.5,0,0,0,6.671069572584573e-06,1,1,0,1,1,0.40910429265521003
4.914487910359741e-05,0.125,0,0,0,1.2345526598437056e-05,1,1,1,1,1,0.46591468094597294
0.0013351134846461949,0.16666666666666666,0,0,0,6.675300054737461e-06,1,1,1,1,1,0.46981895049557887
0.00016758840288252054,1.0,0,0,0,6.671069572584573e-06,1,1,1,1,1,0.5454703872247687
0.0003325573661456601,0.2,0,0,0,1.3888695990333467e-05,1,1,1,1,1,0.4727587678238306
0.00010565240359218173,0.1111111111111111,0,0,0,6.6742753405548994e-06,1,1,0,1,1,0.3737475852536404
0.0001926782273603083,0.02,0,0,0,0.00010751532093323298,1,1,1,1,1,0.4563909266862085
0.0001541782300339192,0.3333333333333333,0,0,0,6.688918468772784e-06,0,1,0,1,1,0.30304492731653054
0.00017464198393293747,0.14285714285714285,1,0,1,9.09008271975275e-05,1,1,0,1,1,0.5584656986971157
0.00017406440382941688,0.5,0,0,0,6.671069572584573e-06,1,1,1,1,1,0.5000164304975819
0.0005896226415094339,0.1111111111111111,0,0,1,5.2628809010052104e-05,0,1,0,1,1,0.37379576023287553
0.00011730205278592375,0.3333333333333333,0,0,0,2.9324653235975483e-05,1,1,0,1,1,0.3939527236399414
0.00019102196752626553,0.5,0,0,0,3.8629427898172826e-05,1,1,0,1,1,0.40911178649049307
0.0002668801708033093,0.25,0,0,0,1.999960000799984e-05,1,1,1,1,1,0.477298807251892
0.00012790995139421848,1.0,0,0,0,0.0004997501249375312,1,1,0,1,1,0.4546025145523938
0.00023408239700374532,0.2,0,0,0,2.564036819568729e-05,1,1,1,1,1,0.47275088388774544
0.0001913143294432753,0.5,0,0,0,6.671069572584573e-06,1,1,1,1,1,0.5000179986726377
0.00023446658851113716,0.16666666666666666,0,0,0,1.432644231458002e-05,0,1,0,1,1,0.2879014054270448
0.00023046784973496196,0.5,0,0,0,1.5948708952010335e-05,1,1,0,1,1,0.4091133105962443
0.00010967317394165388,0.14285714285714285,0,0,1,6.848845969454146e-05,0,1,0,1,1,0.3766395731355253
0.0002668801708033093,0.25,0,0,0,6.671203084764306e-06,1,1,1,1,1,0.47729759557944434
0.0001490757304710793,0.5,0,0,0,4.347637059258293e-05,1,1,1,1,1,0.5000175047364603
0.00011200716845878136,0.25,0,0,0,9.008927847496869e-06,0,1,0,1,1,0.29546554691784604
0.00012822156686754713,0.5,0,0,0,6.671069572584573e-06,1,1,0,1,1,0.40910317205785823
0.000224517287831163,0.2,0,0,0,1.1627771770095696e-05,1,1,0,1,1,0.38183964955087285
0.00014664906877841325,0.25,0,0,0,4.1664930627890504e-05,1,1,1,1,1,0.4772898467272188
0.00017972681524083394,0.125,0,0,0,1.9607458677280836e-05,1,1,1,1,1,0.46592721220671984
0.00024606299212598425,0.1111111111111111,0,0,0,1.24998437519531e-05,1,1,0,1,1,0.37376087944972625
0.00011016855789357717,0.125,0,0,1,3.999840006399744e-05,0,1,0,1,1,0.37501365154163246
0.00019466614755693986,0.125,0,0,0,1.1173059518888058e-05,1,1,0,1,1,0.3750187126551887
0.00011990407673860912,0.2,0,0,0,2.8570612268220908e-05,0,1,0,1,1,0.2909225886080915
0.0005356186395286556,0.1,0,0,0,4.099872903939978e-05,0,1,0,1,1,0.2818706015789607
0.000531632110579479,0.16666666666666666,0,0,1,2.666595557451801e-05,1,1,0,1,1,0.4697477240666201
0.0001457938474996355,0.02564102564102564,0,0,0,0.00014236902050113895,1,1,1,1,1,0.4569026535008206
0.00013486176668914363,1.0,0,0,0,2.0155601241585035e-05,1,1,0,1,1,0.45455954703344825
0.00015870496746548166,0.08333333333333333,0,0,1,9.174227759378354e-06,1,1,0,1,1,0.4621364738662326
0.00013164823591363875,0.5,0,0,0,3.0302112057210386e-05,1,1,1,1,1,0.5000147227589065
0.0001913143294432753,0.25,0,0,1,0.00024993751562109475,1,1,0,1,1,0.47731284107682403
0.0001577784790154623,0.5,0,0,0,1.4285510206997042e-05,1,1,1,1,1,0.5000156421808384
0.0009380863039399625,0.2,1,0,1,7.575700184089514e-06,1,1,1,1,1,0.6546314238185568
0.000725689404934688,0.1111111111111111,0,0,0,6.671069572584573e-06,1,1,0,1,1,0.373803951962329
0.0001577784790154623,0.3333333333333333,0,0,1,3.333222225925803e-05,1,1,1,1,1,0.5757749494576916
0.00012784454103809768,0.001059322033898305,0,0,0,2.2804497046817632e-05,1,1,1,1,1,0.45465545191563483
0.0006963788300835655,0.14285714285714285,0,0,1,2.648515507058294e-05,1,1,1,1,1,0.5585072733492997
0.0001048327916972429,0.0014144271570014145,0,0,0,4.950249987624375e-05,1,1,0,1,1,0.3637789784044159
7.724393635099645e-05,0.125,0,0,0,2.4703557312252964e-05,1,1,0,1,1,0.3750092679539694
0.0001577784790154623,1.0,0,0,0,7.142346975216056e-05,0,1,0,1,1,0.36365720017716074
0.00010524100189433803,0.2,0,0,0,0.00016663889351774705,1,1,1,1,1,0.47275198908140115
0.00010924186148131964,0.2,0,0,1,9.433873265346553e-06,0,1,0,1,1,0.38182897052134057
0.00025627883136852895,0.125,0,0,1,0.00026652452025586353,1,1,1,1,1,0.5568657093956022
0.000384172109104879,0.1111111111111111,0,0,0,1.1165574301314188e-05,1,1,0,1,1,0.3737733135267743
0.0001585288522511097,0.2,0,0,0,0.00010799136069114471,1,1,1,1,1,0.47275150183754017
0.00014347202295552367,0.5,0,0,0,0.000999000999000999,1,1,1,1,1,0.5001038611838142
0.0002853067047075606,0.125,0,0,0,6.671203084764306e-06,1,1,0,1,1,0.375026543446163
0.0018975332068311196,0.1111111111111111,0,0,1,6.671069572584573e-06,1,1,0,1,1,0.4648195741261377
0.0001684068710003368,0.25,0,0,0,1.3661200319508152e-07,0,1,0,1,1,0.29546986758936394
0.00016863406408094435,0.14285714285714285,0,0,0,2.0832899314597614e-05,1,1,0,1,1,0.3766406008927762
0.0014367816091954023,1.0,0,0,0,2.0242910882001846e-07,1,1,0,1,1,0.4546760894580277
0.00013493455673998112,0.14285714285714285,0,0,0,2.499937501562461e-05,1,1,0,1,1,0.37663791607171804
0.0001450747134774409,0.25,0,0,0,8.818334375366512e-07,1,1,1,1,1,0.47728599604971955
0.00019252984212552945,0.3333333333333333,0,0,1,1.5151285586582021e-05,1,1,0,1,1,0.4848673649510042
0.0001913143294432753,0.010526315789473684,0,0,0,1.3926606782257503e-05,0,1,0,1,1,0.2737028687932454
0.0001383891502906172,1.0,0,0,0,0.0006901311249137336,0,1,0,1,1,0.36371168366138223
0.00017866714311238162,0.5,0,0,0,6.671069572584573e-06,1,1,0,1,1,0.40910775801933497
0.00011013215859030837,0.1,0,0,1,1.9047256242738232e-05,1,1,1,1,1,0.5545571981286211
0.00012049644535486203,1.0,0,0,0,1.1110987655692714e-05,1,1,1,1,1,0.5454665097666372
0.000441306266548985,0.125,0,0,1,2.3808956929596913e-05,1,1,0,1,1,0.46595137411122534
0.00023860653781913624,0.2,0,0,0,1.183417947716595e-05,1,1,0,1,1,0.3818409491561178
0.00020588840848260242,0.3333333333333333,0,0,0,6.671069572584573e-06,0,1,0,1,1,0.30304962661921714
0.0008904719501335708,0.16666666666666666,0,0,0,1.5151285586582021e-05,1,1,0,1,1,0.3788702081729442
0.00016353229762878168,0.16666666666666666,0,0,0,6.671069572584573e-06,1,1,1,1,1,0.4697124427303516
0.00012845215157353886,0.5,0,0,1,3.571301024963394e-05,0,1,0,1,1,0.40910583319652943
0.00020279862096937742,0.5,0,0,0,3.1249023468016625e-05,1,1,1,1,1,0.5000212770585852
0.00027344818156959256,0.09090909090909091,0,0,0,3.333222225925803e-05,1,1,1,1,1,0.4628378064829927
0.0001148105625717566,0.14285714285714285,1,0,0,8.539272112445135e-06,1,1,0,1,1,0.4675436811538024
0.00014585764294049007,0.3333333333333333,0,0,0,0.00016663889351774705,1,1,1,1,1,0.48487689362452646
0.00012152144853566654,0.5,0,0,0,3.448156960104824e-05,1,1,0,1,1,0.40910509118346705
0.00017633574325515782,0.25,0,0,0,2.1671759530156254e-05,1,1,0,1,1,0.38638163704570777
0.00011634671320535195,0.3333333333333333,0,0,0,7.03229935091877e-06,0,1,0,1,1,0.3030415193041718
0.00010210332856851133,0.2,0,0,0,7.692248521165222e-06,0,1,0,1,1,0.29091907232519
0.0003846153846153846,0.16666666666666666,0,0,1,1.283680568927228e-05,1,1,1,1,1,0.560642192623361
0.00014128284826222097,0.3333333333333333,1,0,0,2.9410899679421194e-05,1,1,0,1,1,0.4848640024619341
0.0003363605785401951,0.25,1,0,0,1.4285510206997042e-05,0,1,0,1,1,0.3863955132807952
0.0008873114463176575,0.2,1,0,0,4.6959380136182205e-05,1,1,1,1,1,0.5637212973478595
0.00019238168526356292,0.5,0,0,0,6.535520554212144e-05,1,1,1,1,1,0.5000234306264368
6.451612903225807e-05,0.2,0,0,0,2.499937501562461e-05,0,1,0,1,1,0.29091722868218617
0.0001577784790154623,0.5,0,0,0,1.2194973232033756e-05,0,1,0,1,1,0.31819727031384065
0.0001786352268667381,0.5,0,0,1,1.8025812964164684e-05,1,1,1,1,1,0.5909269691854392
0.0007668711656441718,0.5,1,0,0,7.812438965320584e-06,0,1,0,1,1,0.40916133487314627
0.0001774937877174299,0.2,0,0,0,1.4925150370889987e-05,1,1,1,1,1,0.472744765358008
0.0001048327916972429,0.5,1,0,0,5.649685594996639e-06,1,1,0,1,1,0.500010043861572
0.00011247328759419637,0.09090909090909091,0,0,0,1.1764567475676756e-05,1,1,1,1,1,0.46282121170583274
0.001215066828675577,0.25,0,0,0,3.846005922849121e-05,1,1,0,1,1,0.38647759335344584
0.00011486331265793706,0.25,0,0,0,3.225702396696881e-05,1,1,0,1,1,0.3863770109396931
0.00017406440382941688,1.0,1,0,0,5.882318339303887e-06,1,1,0,1,1,0.5454709042474698
0.00015862944162436547,0.5,0,0,0,0.00021973192704900023,1,1,0,1,1,0.4091253055789703
0.0001342642320085929,0.25,0,0,0,3.999840006399744e-05,1,1,0,1,1,0.38637947842109754
0.00012884937508053087,0.25,1,0,0,2.777700619427238e-05,1,1,0,1,1,0.4772869660346613
8.217602103706138e-05,0.2,0,0,0,3.225702396696881e-05,1,1,1,1,1,0.47273767573136394
0.00014585764294049007,0.5,0,0,1,4.7616780153326035e-05,1,1,0,1,1,0.5000175885839176
0.0002403268445085316,0.002898550724637681,0,0,0,6.249609399412537e-05,1,1,0,1,1,0.36392739760574
0.0004873294346978557,0.0022471910112359553,0,0,0,0.00016663889351774705,0,1,0,1,1,0.2729910144854047
0.00020846362309776944,0.0029850746268656717,0,0,0,5.88200694076819e-05,1,1,1,1,1,0.4548411234835792
0.00016747613465081226,0.02857142857142857,0,0,0,2.127614306078594e-05,1,1,1,1,1,0.45716001644083093
0.00012553351744915893,0.3333333333333333,0,0,0,2.9410899679421194e-05,1,1,0,1,1,0.3939534797954965
0.00029291154071470416,0.125,0,0,0,1.0339016345984843e-05,1,1,0,1,1,0.37502756823246003
0.0001048327916972429,0.25,0,0,1,6.249609399412537e-05,1,1,0,1,1,0.4772879389896083
0.00020128824476650564,0.25,0,0,1,1.4925150370889987e-05,0,1,0,1,1,0.38638329212683065
0.0007457121551081282,0.25,0,0,0,1.4285510206997042e-05,1,1,0,1,1,0.3864327270604832
0.00012553351744915893,1.0,0,0,0,0.0004997501249375312,0,1,0,1,1,0.3636932076038534
0.00022070183182520416,0.1111111111111111,0,0,1,4.444246922359006e-05,1,1,0,1,1,0.4646705686738327
0.00011247328759419637,0.14285714285714285,0,0,0,1.3333155557925894e-05,1,1,0,1,1,0.37663481357275413
0.00012822156686754713,0.2,0,0,0,6.675522860328035e-06,1,1,1,1,1,0.4727395360990662
8.501955449753443e-05,0.14285714285714285,1,0,0,4.347637059258293e-05,1,1,0,1,1,0.46754414898020297
0.00046728971962616824,0.25,1,0,0,0.00014283673760891302,0,1,0,1,1,0.38641910240520316
0.000140548137737175,0.25,0,0,0,1.724108205030948e-05,1,1,1,1,1,0.47728707174725343
0.00011659088259298122,0.16666666666666666,0,0,0,1.4492543586324836e-05,0,1,0,1,1,0.2878907045538951
0.00010924186148131964,0.3333333333333333,0,0,0,1.6630630861361906e-07,0,1,0,1,1,0.3030402492273749
0.000864304235090752,0.125,0,0,1,3.9575747981636853e-05,1,1,1,1,1,0.5569003527257338
0.00014128284826222097,0.16666666666666666,0,0,0,0.0001999600079984003,0,1,0,1,1,0.28790980995662974
0.00013904338153503893,0.25,0,0,0,1.428979504289868e-07,1,1,1,1,1,0.4772853805708623
0.0003367003367003367,0.16666666666666666,0,0,0,2.473961554637441e-05,1,1,0,1,1,0.37882073696535573
0.0007627765064836003,0.1,0,0,1,7.691716021844474e-05,0,1,0,1,1,0.3728036085151547
0.00013493455673998112,0.2,0,0,0,1.402504873704436e-05,1,1,0,1,1,0.38183172360049794
0.00025673940949935817,0.5,0,0,1,6.622472698856299e-06,0,1,0,1,1,0.40911485108019985
0.00013486176668914363,0.25,0,0,0,1.5384378701866124e-05,1,1,0,1,1,0.38637729510412644
0.00014196479273140261,1.0,0,0,1,3.333222225925803e-05,1,1,1,1,1,0.6363795724559083
0.0001226241569589209,0.3333333333333333,0,0,0,1.5384378701866124e-05,1,1,1,1,1,0.4848610310789994
0.00024248302618816683,0.125,0,0,1,0.0001098780353807274,1,1,0,1,1,0.46594112373286994
0.00011018069634200089,0.2,1,0,0,6.756711103303356e-06,1,1,1,1,1,0.5636469943097677
0.00011730205278592375,0.5,0,0,1,0.0001999600079984003,0,1,0,1,1,0.40911975109643495
0.0001913143294432753,0.3333333333333333,0,0,0,5.678075813668264e-06,1,1,1,1,1,0.48486639324896275
0.0003367003367003367,0.5,0,0,1,1.3157721608926199e-05,1,1,1,1,1,0.590940896187119
0.00016758840288252054,0.25,0,0,0,6.249960937744139e-06,1,1,1,1,1,0.47728853076034733
0.00012212994626282364,0.2,0,0,1,3.7735706657710727e-06,1,1,0,1,1,0.472738718501539
0.0001383891502906172,0.5,0,0,0,5.2628809010052104e-05,1,1,1,1,1,0.5000173652690273
0.0001577784790154623,0.5,0,0,0,1.1363507232872354e-05,1,1,1,1,1,0.5000153765442044
0.00014128284826222097,0.5,0,0,0,4.761882086275779e-06,1,1,1,1,1,0.500013276793668
0.00010793308148947653,0.2,0,0,0,1.5384378701866124e-05,1,1,1,1,1,0.4727384834054719
0.000304228780042592,0.125,0,0,1,1.937646534519173e-05,1,1,0,1,1,0.46593850956776256
0.00013164823591363875,0.3333333333333333,0,0,0,1.4084308671708849e-05,0,1,0,1,1,0.30304355144344713
0.0001490757304710793,0.3333333333333333,1,0,0,3.834208811011848e-05,0,1,0,1,1,0.39395643192290125
0.0001822821728034998,0.3333333333333333,0,0,0,1.661129292171214e-07,1,1,1,1,1,0.4848650710562788
0.0002043318348998774,0.3333333333333333,1,0,1,1.0727772056299349e-05,0,1,0,1,1,0.4848680357218445
0.00014990256333383302,0.3333333333333333,0,0,0,6.671069572584573e-06,0,1,0,1,1,0.3030445369969309
0.00020729684908789387,0.25,0,0,0,3.0302112057210386e-05,1,1,1,1,1,0.4772943271782859
0.00024289531212047608,0.25,0,0,0,1.4188420234333111e-07,1,1,1,1,1,0.47729482156330205
0.0001541782300339192,0.04,0,0,0,2.0832899314597614e-05,1,1,0,1,1,0.36728863737539535
0.00011684973124561814,0.2,0,0,0,2.0832899314597614e-05,1,1,1,1,1,0.4727397893300509
0.0001383891502906172,0.5,0,0,0,2.010453958493374e-07,1,1,1,1,1,0.5000125991086988
0.0003325573661456601,0.25,0,0,1,1.7856823985285978e-05,0,1,0,1,1,0.38639549219910285
0.00014128284826222097,0.25,0,0,0,1.0641807404569593e-05,1,1,0,1,1,0.38637744769596966
0.0001336005344021376,0.3333333333333333,0,0,0,7.3528871111241825e-06,1,1,0,1,1,0.39395220788680424
0.00010712372790573112,0.16666666666666666,0,0,0,0.0003681885125184094,1,1,1,1,1,0.4697401799006446
0.0001048327916972429,0.5,0,0,0,6.676235938178055e-06,0,1,0,1,1,0.3181919553661487
0.0003169572107765452,0.25,1,0,0,9.70864360540189e-06,0,1,0,1,1,0.38639333325948927
0.00010699764605178686,0.16666666666666666,0,0,1,2.2221728406035422e-05,0,1,0,1,1,0.37879962600373857
0.00014128284826222097,0.2,0,0,0,1.3888695990333467e-05,1,1,1,1,1,0.4727413792312957
0.000140548137737175,0.2,0,0,0,5.854115443156539e-05,1,1,1,1,1,0.4727453717538335
0.00013982102908277405,0.5,0,0,1,4.461099214846538e-05,1,1,1,1,1,0.5909258574564755
0.00016655562958027982,0.5,0,0,1,2.3443360840210053e-05,0,1,0,1,1,0.4091081817264018
0.00016758840288252054,0.3333333333333333,0,0,1,5.8142915285772426e-05,1,1,1,1,1,0.5757780967865002
0.00023223409196470042,0.2,0,0,0,8.8494792081486e-06,0,1,0,1,1,0.29093100759737933
0.0006397952655150352,0.25,0,0,0,2.2726756210086133e-05,0,1,0,1,1,0.29551477472924775
0.00022286605749944285,1.0,0,0,0,3.846005922849121e-05,1,1,1,1,1,0.545478302374248
0.0001577784790154623,0.2,0,0,0,1.4084308671708849e-05,1,1,0,1,1,0.3818338057079716
0.0003792188092529389,0.125,0,0,0,2.300754647524388e-05,1,1,0,1,1,0.3750365660323389
0.003067484662576687,0.1111111111111111,0,0,0,0.00023430178069353328,1,1,1,1,1,0.46494662705039824
0.00010968520346605243,0.1111111111111111,0,0,0,0.00019790223629527012,1,1,1,1,1,0.46467442714098844
0.0003792188092529389,0.1111111111111111,0,0,0,1.0782019903608742e-05,1,1,1,1,1,0.464681919267297
0.0003325573661456601,0.14285714285714285,0,0,0,3.2073898261594714e-05,0,1,0,1,1,0.28574743401105
0.0001913143294432753,0.2,0,0,0,7.142346975216056e-05,1,1,0,1,1,0.3818420670726541
0.00013164823591363875,0.2,0,0,0,1.8181487609316193e-05,1,1,1,1,1,0.4727408936112294
0.00013101008777675882,0.3333333333333333,0,0,0,1.0,1,1,0,1,1,0.4848603948564645
0.00017866714311238162,1.0,0,0,0,2.4881805204825775e-07,0,1,0,1,1,0.36365262872374227
6.30119722747322e-05,0.09090909090909091,0,0,1,8.47450445335209e-06,0,1,0,1,1,0.3719073252168927
0.000122684333210649,0.07692307692307693,0,0,0,2.0832899314597614e-05,0,1,0,1,1,0.2797333267414184
0.0009380863039399625,0.5,0,0,1,1.4285510206997042e-05,1,1,1,1,1,0.5909956701649225
0.00012845215157353886,0.25,0,0,0,9.999000099990002e-05,1,1,1,1,1,0.4772934947411431
0.00014983518130056938,0.5,0,0,1,9.09008271975275e-05,1,1,0,1,1,0.5000218850916817
0.00014196479273140261,0.25,0,0,0,2.2726756210086133e-05,1,1,0,1,1,0.38637860832263105
0.00013833171946327292,1.0,0,0,1,5.555246930726071e-05,1,1,1,1,1,0.6363812621989792
0.0005367686527106817,0.14285714285714285,0,0,1,4.444246922359006e-05,1,1,1,1,1,0.5584943958162797
0.00016852039096730705,0.3333333333333333,0,0,1,4.347637059258293e-05,1,1,1,1,1,0.5757768481904448
0.00011013215859030837,0.16666666666666666,0,0,1,8.771852878483521e-06,1,1,0,1,1,0.46970777915255774
0.0001199616122840691,0.14285714285714285,1,0,0,0.0001999600079984003,1,1,0,1,1,0.4675615513161296
0.00010441683199331732,0.1111111111111111,1,0,0,1.7856823985285978e-05,1,1,1,1,1,0.5555666713424627
0.00020815986677768527,0.14285714285714285,0,0,0,4.7616780153326035e-05,1,1,0,1,1,0.3766466290458249
0.0001342642320085929,0.5,0,0,1,6.671069572584573e-06,1,1,0,1,1,0.5000128123001437
0.0001541782300339192,0.5,0,0,0,1.8937959245511702e-05,1,1,1,1,1,0.500015737835389
9.656237929702588e-05,0.16666666666666666,0,0,0,2.4629935223270362e-05,1,1,0,1,1,0.378798896271017
0.0001336005344021376,0.5,0,0,0,8.771852878483521e-06,1,1,0,1,1,0.4091038520352073
0.00023446658851113716,0.25,0,0,1,6.249609399412537e-05,1,1,0,1,1,0.47729972388022773
0.00017866714311238162,0.25,0,0,0,2.8570612268220908e-05,1,1,1,1,1,0.47729156706867093
0.00011242270938729624,0.0024691358024691358,0,0,0,9.999000099990002e-05,1,1,0,1,1,0.363880140773896
0.00012790995139421848,0.5,0,0,0,3.0302112057210386e-05,0,1,0,1,1,0.3181962010966774
0.00016331863465621427,1.0,0,0,1,6.0968174612852094e-05,1,1,0,1,1,0.545474935164479
0.00019238168526356292,0.5,0,0,0,0.0001999600079984003,0,1,0,1,1,0.31821748560847835
0.0001450747134774409,0.5,0,0,0,1.5624755863189637e-05,1,1,1,1,1,0.5000146090426673
0.00044863167339614175,0.16666666666666666,0,0,0,2.2221728406035422e-05,0,1,0,1,1,0.28792159273349716
0.0001342642320085929,0.5,0,0,0,2.2221728406035422e-05,1,1,1,1,1,0.5000142259964013
0.0001490757304710793,0.5,0,0,0,0.0004997501249375312,1,1,0,1,1,0.4091498932595826
0.00011389521640091117,0.1111111111111111,0,0,0,9.345707049466828e-06,1,1,0,1,1,0.37374857745768736
0.00014585764294049007,0.0005959475566150178,0,0,0,3.1249023468016625e-05,1,1,0,1,1,0.3637066412930021
0.0001490757304710793,0.5,0,0,0,1.8518175589340937e-05,1,1,0,1,1,0.40910614490055097
0.0001272426517368622,0.25,0,0,0,5.95202666507946e-05,0,1,0,1,1,0.2954715239016716
0.00017394329448599757,0.3333333333333333,0,0,0,3.339901806886878e-05,1,1,1,1,1,0.48486733414962624
0.00039261876717707107,0.1,0,0,0,1.1494120757232676e-05,1,1,0,1,1,0.3727640102625395
0.00014128284826222097,0.2,0,1,0,6.671069572584573e-06,1,1,1,1,1,0.5636498139925304
0.00011242270938729624,0.0017699115044247787,0,0,0,0.00016663889351774705,1,1,0,1,1,0.36382263391884817
0.0003076923076923077,0.125,0,0,1,2.326880119136262e-05,0,1,0,1,1,0.3750300873735349
0.00011684973124561814,0.2,0,0,1,1.24998437519531e-05,1,1,1,1,1,0.5636481226886362
0.0003325573661456601,0.3333333333333333,1,0,0,6.901263621369073e-06,1,1,0,1,1,0.4848793447239182
0.001364256480218281,0.14285714285714285,0,0,0,3.1249023468016625e-05,0,1,0,1,1,0.28584114985098447
0.0009380863039399625,0.125,0,0,0,3.0302112057210386e-05,1,1,1,1,1,0.4659971262196361
0.0001541782300339192,0.5,0,0,0,1.6128772116578765e-05,0,1,0,1,1,0.31819730063655915
0.00010797969981643452,0.16666666666666666,0,0,0,1.0869447071227487e-05,1,1,1,1,1,0.4697077741648686
0.00011016855789357717,0.3333333333333333,0,0,0,1.0,0,1,0,1,1,0.39394940926283883
0.0001490757304710793,0.125,0,0,1,3.1249023468016625e-05,1,1,0,1,1,0.46592548406853995
0.00011389521640091117,0.125,1,0,0,1.1363507232872354e-05,1,1,0,1,1,0.46592047806578485
0.00012790995139421848,0.5,0,0,0,3.921414846476609e-05,1,1,1,1,1,0.5000151930999871
0.00010264832683227263,0.3333333333333333,0,0,0,9.745638826625085e-05,1,1,0,1,1,0.3939575852771302
0.00011200716845878136,0.2,0,0,0,6.671069572584573e-06,0,1,0,1,1,0.29091987983982104
0.00013164823591363875,0.5,0,0,0,3.097413659594239e-05,0,1,0,1,1,0.3181966020338645
0.00020742584526031943,0.2,0,0,1,4.9892730629147335e-05,0,1,0,1,1,0.38184157441599
0.0013698630136986301,0.125,0,0,0,0.00011109876680368848,1,1,1,1,1,0.4660437237982275
0.00011018069634200089,0.14285714285714285,0,0,0,1.254075588904491e-07,1,1,1,1,1,0.4675424953600949
0.0001199616122840691,0.0009950248756218905,1,0,0,6.677216669003693e-06,1,1,1,1,1,0.5455565148822341
0.00014585764294049007,0.3333333333333333,0,0,0,2.3473627379638977e-05,1,1,0,1,1,0.3939547876912412
0.00017972681524083394,1.0,0,0,0,7.692248521165222e-06,1,1,0,1,1,0.45456249264216014
0.0001199616122840691,0.5,0,0,0,1.2345526598437056e-05,1,1,0,1,1,0.4091029370126256
0.0004892367906066536,0.5,0,0,0,2.6315096971132338e-05,1,1,1,1,1,0.5000468683534162
0.00028368794326241134,0.25,0,0,0,1.1110987655692714e-05,0,1,0,1,1,0.2954813453573562
0.000142025280499929,0.25,0,0,0,5.555524691529492e-06,0,1,0,1,1,0.2954679618913811
0.00014128284826222097,0.25,0,0,0,9.259173526171053e-06,1,1,0,1,1,0.3863773220019808
0.00020977554017201594,1.0,0,0,0,1.24998437519531e-05,0,1,0,1,1,0.3636565704894476
0.00021235931195582927,0.3333333333333333,0,0,0,1.1235828810912237e-05,1,1,0,1,1,0.3939597207703727
0.00017406440382941688,0.3333333333333333,0,0,0,4.650946467606158e-05,1,1,0,1,1,0.3939594461092581
0.00012547051442910915,0.5,0,0,0,2.499937501562461e-05,1,1,1,1,1,0.5000136790808586
0.00014983518130056938,0.5,0,0,1,0.00016663889351774705,0,1,0,1,1,0.40911967946134714
0.00012547051442910915,0.3333333333333333,0,0,1,2.777700619427238e-05,1,1,0,1,1,0.48486241644126876
0.00015862944162436547,0.3333333333333333,0,0,1,2.777700619427238e-05,1,1,1,1,1,0.5757745217982865
0.000384172109104879,0.125,0,0,0,9.008927847496869e-06,0,1,0,1,1,0.28412665282154115
0.00015862944162436547,0.5,0,0,1,3.999840006399744e-05,1,1,0,1,1,0.5000180570765171
0.00014983518130056938,0.5,0,0,1,9.999000099990002e-05,1,1,1,1,1,0.5909318022893001
0.00020729684908789387,0.5,0,0,0,2.5062028520588457e-05,0,1,0,1,1,0.3182029417161462
0.00023408239700374532,0.2,0,0,0,7.575700184089514e-06,1,1,0,1,1,0.38184015073610794
0.00013833171946327292,0.5,0,0,1,9.999000099990002e-05,0,1,0,1,1,0.4091125747018603
0.0001226241569589209,0.5,0,0,0,6.666222251849876e-05,0,1,0,1,1,0.31819902603449796
0.00011730205278592375,0.2,0,0,0,9.09008271975275e-05,0,1,0,1,1,0.29092801844363486
0.0003363605785401951,0.2,0,0,1,6.666222251849876e-05,0,1,0,1,1,0.3818548202546417
0.0005434782608695652,0.16666666666666666,0,0,1,2.4095804920363366e-05,0,1,0,1,1,0.37883947643022337
0.0002991325157044571,0.125,0,0,0,7.451509303209365e-06,1,1,1,1,1,0.46593696218409164
0.00017972681524083394,0.2,0,0,0,2.499937501562461e-05,1,1,0,1,1,0.38183679329002335
0.00014983518130056938,0.5,0,0,0,0.0004997501249375312,1,1,1,1,1,0.500059053209658
0.00011200716845878136,0.00145985401459854,0,0,0,2.511300223179251e-07,0,1,0,1,1,0.2728701920284618
0.0005274261603375527,0.16666666666666666,0,0,0,3.225702396696881e-05,0,1,0,1,1,0.2879296681682701
0.00015870496746548166,0.16666666666666666,0,0,0,9.275577404693442e-05,1,1,0,1,1,0.378810738855289
0.00017985611510791367,0.25,0,0,0,2.162349176144964e-05,0,1,0,1,1,0.2954728617824427
0.00018604651162790697,0.25,0,0,0,7.78440316980897e-06,0,1,0,1,1,0.2954721664467998
0.00014990256333383302,0.16666666666666666,0,0,0,3.810104396860474e-05,1,1,1,1,1,0.46971406093399715
0.00012851818532322323,1.0,0,0,0,1.1504964392135206e-05,1,1,1,1,1,0.5454672748317922
0.00011634671320535195,0.5,0,0,0,2.0498524106264348e-05,1,1,0,1,1,0.4091033495670283
0.0002668801708033093,0.2,0,0,1,2.6315096971132338e-05,0,1,0,1,1,0.38184483593343405
0.00012553351744915893,0.25,0,0,0,4.584211973961676e-05,1,1,1,1,1,0.47728830687610807
0.0005379236148466917,0.1111111111111111,0,0,0,2.127614306078594e-05,1,1,0,1,1,0.3737882100790017
0.00019252984212552945,0.25,0,0,0,0.0003459010722933241,1,1,0,1,1,0.3864125846285836
0.0005379236148466917,0.16666666666666666,0,0,0,1.8403327321579742e-05,1,1,0,1,1,0.37883845396443955
0.1111111111111111,0.25,0,0,0,2.7603720981588318e-05,1,1,0,1,1,0.3964671558938266
0.00017406440382941688,0.25,0,0,1,3.999840006399744e-05,1,1,0,1,1,0.47729218752762664
0.00012553351744915893,0.2,0,0,0,7.042203928141351e-06,1,1,0,1,1,0.3818302341564888
0.00010524100189433803,0.25,0,0,0,6.756300249983109e-05,1,1,0,1,1,0.38637934581858135
0.00012212994626282364,0.3333333333333333,0,0,0,1.8181487609316193e-05,1,1,0,1,1,0.3939521495242914
0.00013493455673998112,0.5,0,0,0,1.2194973232033756e-05,0,1,0,1,1,0.3181951935936338
0.00012103606874848704,0.2,1,0,0,1.351333090093377e-05,1,1,0,1,1,0.47273950449087726
0.00020588840848260242,0.25,1,1,0,2.6368526526737685e-05,1,1,0,1,1,0.5682029324486372
0.0003325573661456601,0.25,1,0,1,1.8867568536442707e-05,0,1,0,1,1,0.47730467499406204
0.0001490757304710793,0.5,0,0,1,2.5717518773788705e-05,1,1,1,1,1,0.5909249812044769
0.0006788866259334691,0.14285714285714285,0,0,1,0.0003696857670979667,1,1,0,1,1,0.46762779229547036
0.00025673940949935817,0.25,0,0,0,2.331165349558244e-05,1,1,0,1,1,0.38638909555118134
0.00012851818532322323,0.5,0,0,0,2.2221728406035422e-05,1,1,0,1,1,0.40910461271942994
0.00012553351744915893,0.5,0,0,0,1.3333155557925894e-05,1,1,0,1,1,0.4091035333339097
0.0001541782300339192,0.3333333333333333,0,0,0,2.7039450558364655e-05,0,1,0,1,1,0.3030467773649023
0.0001490757304710793,0.5,0,0,0,2.9367713136178086e-05,0,1,0,1,1,0.3181980403130552
0.00019406171162429653,0.25,0,0,0,0.0003332222592469177,0,1,0,1,1,0.2955024803609883
0.00014128284826222097,1.0,0,0,0,3.846005922849121e-05,0,1,0,1,1,0.363652703900681
0.021739130434782608,0.125,0,0,0,5.127942156812471e-05,1,1,1,1,1,0.46789003725966827
0.00010524100189433803,0.2,0,0,0,3.5272124440055025e-05,1,1,0,1,1,0.3818309557387577
0.0009380863039399625,0.125,1,0,0,8.13927934820651e-06,0,1,0,1,1,0.3750860205075716
0.00011634671320535195,0.5,0,0,0,3.225702396696881e-05,1,1,0,1,1,0.40910441852156115
0.00016353229762878168,0.3333333333333333,0,0,1,2.9238911142949037e-05,1,1,1,1,1,0.5757751004129186
0.002403846153846154,0.2,0,0,1,3.927729772191673e-05,1,1,1,1,1,0.5638584657683243
0.00010524100189433803,0.25,0,0,0,4.999750012499375e-05,1,1,1,1,1,0.4772868398638199
0.0009910802775024777,0.1111111111111111,0,0,0,6.670046156719404e-06,1,1,1,1,1,0.4647371692213427
0.0001490757304710793,0.5,0,0,1,5.685921090787102e-06,1,1,1,1,1,0.590923160150142
0.00015862944162436547,0.5,0,0,0,7.142806122813409e-06,1,1,0,1,1,0.4091059792952498
0.00011535355865728458,0.0017391304347826088,0,0,0,0.00014283673760891302,1,1,0,1,1,0.3638179382482772
0.0001074229240519927,0.1111111111111111,0,0,0,9.174227759378354e-06,1,1,0,1,1,0.3737479734784475
0.00015910898965791568,0.1,0,0,0,9.99990000099999e-06,1,1,0,1,1,0.3727426462626963
0.00013164823591363875,0.3333333333333333,0,0,0,3.333222225925803e-05,1,1,0,1,1,0.3939543921628642
0.0001087547580206634,0.3333333333333333,0,0,1,0.00010086746015735324,1,1,0,1,1,0.48486754141377375
0.0001913143294432753,0.3333333333333333,0,0,0,1.7633263388055227e-05,1,1,1,1,1,0.4848674800841968
0.00024509803921568627,0.0019801980198019802,0,0,0,1.0,1,1,0,1,1,0.4547477541871834
0.00020588840848260242,0.25,0,0,0,0.0003332222592469177,1,1,1,1,1,0.4773217373334299
0.00016353229762878168,0.16666666666666666,0,0,0,6.66960129123481e-06,1,1,0,1,1,0.3788033516877806
0.00028498147620404675,0.1111111111111111,0,0,0,2.3808956929596913e-05,1,1,1,1,1,0.4646745365040223
0.00012790995139421848,0.5,0,0,0,0.0003332222592469177,1,1,1,1,1,0.5000419211100583
0.0001577784790154623,0.3333333333333333,0,0,1,6.671069572584573e-06,1,1,1,1,1,0.5757725257165384
0.0001199616122840691,0.5,0,0,0,1.351333090093377e-05,1,1,0,1,1,0.4091030431766532
0.000122684333210649,0.5,0,0,0,1.4705666093145688e-05,0,1,0,1,1,0.31819430818175487
0.00028368794326241134,0.125,0,0,0,3.846005922849121e-05,0,1,0,1,1,0.28412019527295373
0.00025673940949935817,0.5,1,0,0,2.3808956929596913e-05,0,1,0,1,1,0.40911641348785716
0.0001048327916972429,0.125,0,0,0,6.671069572584573e-06,1,1,1,1,1,0.46591922762375176
0.0005274261603375527,0.25,1,0,0,1.8181487609316193e-05,1,1,0,1,1,0.4773223279679952
0.00024289531212047608,0.3333333333333333,1,0,0,2.3255273133182948e-05,1,1,0,1,1,0.48487268035623515
0.00013493455673998112,0.2,0,0,0,2.0832899314597614e-05,1,1,0,1,1,0.381832342496005
0.003105590062111801,0.09090909090909091,0,0,0,7.704100892905293e-06,1,1,0,1,1,0.3721838531883723
0.0001913143294432753,0.3333333333333333,0,0,0,1.639317388239537e-05,1,1,0,1,1,0.3939582764396963
0.00044863167339614175,0.14285714285714285,0,0,0,1.639317388239537e-05,1,1,0,1,1,0.37666565160949284
0.00017866714311238162,0.008695652173913044,0,0,0,2.564036819568729e-05,1,1,0,1,1,0.3644454508804747
0.0001273074474856779,0.2,1,0,1,6.671069572584573e-06,1,1,0,1,1,0.5636485435015508
0.00017866714311238162,0.5,0,0,0,0.00011109876680368848,0,1,0,1,1,0.31820816053726514
0.0001012965964343598,0.1111111111111111,1,0,0,1.2820348457071063e-05,0,1,0,1,1,0.37374774800509114
0.00010358400662937643,0.25,0,0,0,6.666222251849876e-05,1,1,1,1,1,0.47728820420264984
0.000122684333210649,0.5,0,0,1,2.702629658657874e-05,1,1,0,1,1,0.5000136100572543
0.0002961208172934557,0.5,0,0,1,1.2820348457071063e-05,1,1,1,1,1,0.5909371764696136
0.0001541782300339192,0.25,0,0,0,3.333222225925803e-05,1,1,1,1,1,0.4772897736774812
0.00019238168526356292,0.25,0,0,0,1.2345526598437056e-05,1,1,0,1,1,0.38638224792835113
0.0017094017094017094,0.09090909090909091,0,0,0,7.015426923805448e-06,1,1,1,1,1,0.462965955276856
0.0001336005344021376,0.0037735849056603774,0,0,0,9.76561546326615e-07,0,1,0,1,1,0.2730825601819644
0.00012553351744915893,1.0,0,0,0,1.5624755863189637e-05,0,1,0,1,1,0.36364919620666475
0.0001048327916972429,0.2,0,0,0,4.2988565041698905e-05,1,1,0,1,1,0.3818316201233399
0.00013164823591363875,0.3333333333333333,0,0,0,4.761882086275779e-06,1,1,0,1,1,0.3939517948592121
0.00010156408693885842,0.14285714285714285,1,0,0,1.6128772116578765e-05,1,1,1,1,1,0.5584522577923816
0.00013493455673998112,0.5,0,0,0,1.8181487609316193e-05,1,1,0,1,1,0.4091048287313045
0.00012103606874848704,0.25,0,0,0,5.88200694076819e-05,1,1,0,1,1,0.38637998692165054
9.088430428065073e-05,0.1111111111111111,0,0,0,7.691716021844474e-05,1,1,1,1,1,0.46466171932505546
0.00011735711770918906,1.0,0,0,0,1.3157721608926199e-05,0,1,0,1,1,0.3636482286217562
0.00013493455673998112,0.25,1,0,0,9.43395336419494e-07,1,1,0,1,1,0.4772850798138251
0.00011735711770918906,0.125,1,0,0,1.0638184700162764e-05,1,1,1,1,1,0.5568298177547645
0.002403846153846154,0.1111111111111111,0,0,0,5.064352730141914e-07,1,1,1,1,1,0.46486504215456637
0.0006788866259334691,0.14285714285714285,0,0,1,0.0003696857670979667,1,1,0,1,1,0.46762779229547036
0.0005602240896358543,0.14285714285714285,0,0,1,6.004924037710923e-05,1,1,0,1,1,0.46758885601701417
0.00045934772622875517,0.09090909090909091,0,0,0,8.074218213821447e-06,1,1,1,1,1,0.4628524102594121
0.0003367003367003367,0.14285714285714285,0,0,0,2.524551261013355e-05,0,1,0,1,1,0.28574718988240483
0.00016155088852988692,0.5,0,0,1,1.3333155557925894e-05,1,1,0,1,1,0.5000158985494626
0.00011735711770918906,0.14285714285714285,0,0,0,6.6666222225185165e-06,1,1,0,1,1,0.37663465150882497
0.00016655562958027982,0.5,0,0,0,1.314043179458877e-05,0,1,0,1,1,0.3181981541873977
2.2370864186483524e-05,0.16666666666666666,0,0,0,0.00014283673760891302,1,1,0,1,1,0.3788028976607693
0.000142025280499929,0.0009950248756218905,0,0,0,6.711364353259374e-06,1,1,0,1,1,0.3637403419564068
0.00017185083347654237,0.5,0,0,1,1.4285510206997042e-05,1,1,1,1,1,0.5909260123948804
0.0001342642320085929,1.0,0,0,0,1.4492543586324836e-05,1,1,0,1,1,0.45455897788869043
0.0001577784790154623,0.5,0,0,0,2.499937501562461e-05,1,1,1,1,1,0.5000166161685482
0.0001450747134774409,1.0,0,0,0,8.510565867524531e-06,0,1,0,1,1,0.36365032593448593
0.00011486331265793706,0.3333333333333333,0,0,0,1.7543551867511095e-05,0,1,0,1,1,0.3030423400179872
0.00020112630732099757,0.16666666666666666,0,0,1,4.291661302090039e-05,1,1,1,1,1,0.5606282463260917
0.0001383891502906172,0.25,0,0,0,7.63352951504187e-06,1,1,0,1,1,0.3863769111527096
0.00011063170704723974,0.16666666666666666,0,0,1,2.2221728406035422e-05,1,1,0,1,1,0.4697090472820109
0.00016353229762878168,0.25,0,0,0,2.702629658657874e-05,0,1,0,1,1,0.29547186896311045
0.00010968520346605243,0.1,0,0,1,5.2628809010052104e-05,0,1,0,1,1,0.3727420285465887
0.00014900908955446283,0.25,0,0,0,0.00016663889351774705,1,1,1,1,1,0.47730142254391567
0.00017076502732240437,0.3333333333333333,1,0,1,2.76121051468964e-05,1,1,1,1,1,0.6666847009514366
0.0002668801708033093,0.25,0,0,0,6.671069572584573e-06,1,1,1,1,1,0.4772975955673069
0.000122684333210649,0.25,0,0,0,8.532350406566497e-06,1,1,0,1,1,0.3863755651530561
0.00027624309392265195,0.125,0,0,0,1.4792680581648201e-05,1,1,0,1,1,0.3750264577976822
0.00017406440382941688,0.5,0,0,0,6.671069572584573e-06,0,1,0,1,1,0.31819824867940016
0.00012790995139421848,0.5,0,0,0,6.671069572584573e-06,1,1,1,1,1,0.5000122346382697
0.00011200716845878136,0.14285714285714285,0,0,0,2.0832899314597614e-05,0,1,0,1,1,0.2857263620840833
0.00015595757953836556,0.3333333333333333,0,0,1,1.351333090093377e-05,0,1,0,1,1,0.39395480038579755
0.0001450747134774409,0.5,0,0,0,2.1738657855264015e-05,1,1,1,1,1,0.5000151648519394
0.00011437721605856113,0.2,0,0,0,1.2345526598437056e-05,1,1,1,1,1,0.47273879297660515
0.00011013215859030837,0.2,1,0,1,5.917054726839168e-06,1,1,1,1,1,0.6545560044739379
0.00011735711770918906,0.2,0,0,0,2.3808956929596913e-05,1,1,0,1,1,0.38183101509769446
0.0001048327916972429,0.1,0,0,0,6.849268155697563e-06,0,1,0,1,1,0.2818283347327139
0.0001336005344021376,0.5,0,0,0,4.999750012499375e-05,1,1,0,1,1,0.4091075998213206
0.0001490757304710793,0.5,0,0,0,3.3014185204957013e-07,1,1,1,1,1,0.5000135823520293
0.00013768415255404102,0.5,0,0,1,4.7616780153326035e-05,1,1,1,1,1,0.590925936448428
0.0001050420168067227,0.125,0,0,0,1.0,1,1,0,1,1,0.46591864018334606
0.00012851818532322323,0.125,1,0,0,6.666222251849876e-05,1,1,1,1,1,0.556835925491622
7.306736811340056e-05,0.1,0,0,1,1.010090807163564e-05,1,1,1,1,1,0.5545530152978351
0.0002961208172934557,0.004830917874396135,0,0,0,0.00011109876680368848,1,1,0,1,1,0.3641125579507721
0.0005720823798627002,0.16666666666666666,0,0,1,4.130524576621231e-05,1,1,1,1,1,0.5606618231174815
0.00013399437223636607,0.25,0,0,0,4.754433509247373e-05,0,1,0,1,1,0.29547104897339355
0.0001541782300339192,0.3333333333333333,0,0,0,1.5151285586582021e-05,0,1,0,1,1,0.30304569662263214
0.00020588840848260242,0.0010183299389002036,0,0,0,2.096392109180101e-05,1,1,1,1,1,0.4546586529334977
0.00022286605749944285,0.2,0,0,1,1.1709464760365803e-05,0,1,0,1,1,0.38183950686566
0.00013164823591363875,0.5,0,0,0,2.1738657855264015e-05,1,1,0,1,1,0.40910485335397895
0.00010582010582010582,0.3333333333333333,0,0,1,0.0001775568181818182,1,1,0,1,1,0.4848742463870304
0.00018034265103697024,0.14285714285714285,0,0,0,2.8570612268220908e-05,1,1,0,1,1,0.37664236873822254
0.0001272426517368622,0.25,0,0,1,1.3869433156266903e-05,0,1,0,1,1,0.3863764647349903
0.00011341726210729273,0.16666666666666666,0,0,0,7.142346975216056e-05,1,1,0,1,1,0.3788046824907751
0.00010775862068965517,0.25,0,0,0,2.7078256160303277e-05,0,1,0,1,1,0.2954668033524409
0.00010665529010238908,0.125,0,0,0,8.332638946754438e-05,1,1,1,1,1,0.46592636197087
0.00014983518130056938,0.25,0,0,0,1.3888695990333467e-05,0,1,0,1,1,0.2954694294433901
0.00014128284826222097,0.25,1,0,0,8.332638946754438e-05,1,1,0,1,1,0.47729314629433905
0.0002961208172934557,0.3333333333333333,0,0,0,7.812438965320584e-06,0,1,0,1,1,0.3030579333263266
0.000116795141322121,0.25,0,0,0,1.0638184700162764e-05,1,1,1,1,1,0.47728431212054745
0.00013833171946327292,0.5,0,0,0,8.332638946754438e-05,1,1,0,1,1,0.4091110598280846
0.00013157894736842105,0.5,0,0,0,0.0004997501249375312,0,1,0,1,1,0.31823921173384595
0.0001474491300501327,0.5,0,0,1,9.0908264470323e-06,1,1,1,1,1,0.590923321814227
0.0001511030522816561,0.2,0,0,0,2.9410899679421194e-05,0,1,0,1,1,0.2909255012683601
0.0001342642320085929,0.25,1,0,0,6.6796697571272075e-06,1,1,1,1,1,0.5681946312637969
0.00011018069634200089,0.1,0,0,1,9.532797590108769e-06,1,1,0,1,1,0.4636472466812665
0.00031857279388340236,0.09090909090909091,1,0,0,9.0908264470323e-06,1,1,0,1,1,0.46283970495722015
0.012048192771084338,0.2,0,0,0,0.0007604562737642585,1,1,1,1,1,0.47389169536771353
8.242664029014178e-05,0.125,0,0,0,3.0015608116220435e-05,1,1,1,1,1,0.4659193129316733
0.00014664906877841325,0.2,0,0,0,1.3490725126475547e-05,1,1,0,1,1,0.38183273998126405
0.00022286605749944285,0.25,0,0,0,1.6128772116578765e-05,1,1,1,1,1,0.4772944540754196
0.0018248175182481751,0.1111111111111111,0,0,0,2.2221728406035422e-05,1,1,0,1,1,0.3739052863961605
0.00017985611510791367,1.0,1,0,0,1.8518175589340937e-05,1,1,1,1,1,0.6363816703900634
0.000122684333210649,0.1111111111111111,0,0,0,9.008927847496869e-06,0,1,0,1,1,0.2828402549429245
0.000122684333210649,1.0,0,0,0,0.00012498437695288088,0,1,0,1,1,0.36365887897365123
0.00013294336612603032,0.5,0,0,0,4.545247943275306e-05,1,1,0,1,1,0.4091071268950508
0.00021537798836958864,0.25,0,0,0,2.127614306078594e-05,1,1,1,1,1,0.4772942412846755
0.00011107408641563923,0.125,0,0,1,6.671069572584573e-06,1,1,0,1,1,0.46591979501418074
0.00012851818532322323,0.04,0,0,0,6.671069572584573e-06,0,1,0,1,1,0.2763759262958996
0.00036114120621162876,0.09090909090909091,0,0,0,7.267389045137753e-06,1,1,0,1,1,0.3719343181367589
0.0006027727546714888,0.1111111111111111,0,0,0,1.8017693374894146e-05,1,1,1,1,1,0.4647029001417416
0.00028368794326241134,0.0035087719298245615,0,0,0,0.0006172839506172839,0,1,0,1,1,0.2731281585294277
0.00012212994626282364,1.0,0,0,1,0.00024993751562109475,1,1,1,1,1,0.636397460678353
0.0006963788300835655,0.3333333333333333,1,0,0,6.671069572584573e-06,1,1,0,1,1,0.4849123984757263
0.0002961208172934557,0.14285714285714285,0,0,0,1.4492543586324836e-05,1,1,1,1,1,0.46756070511072934
0.00022286605749944285,0.16666666666666666,0,0,1,2.3968170269881597e-05,1,1,1,1,1,0.5606285000813124
0.00018864365214110544,0.5,0,0,0,9.999000099990002e-05,1,1,1,1,1,0.5000262394230128
0.00013768415255404102,0.25,0,0,0,5.88200694076819e-05,1,1,0,1,1,0.3863815003838147
0.00022286605749944285,0.2,0,0,0,6.673963533463253e-06,0,1,0,1,1,0.2909299581837303
0.0003792188092529389,0.3333333333333333,1,0,1,2.9068922415046075e-05,1,1,0,1,1,0.575794692824091
0.0002155636990730761,1.0,0,0,0,3.291530891017412e-05,0,1,0,1,1,0.3636589526370894
0.0001342642320085929,0.2,0,0,0,2.2078954340722422e-05,1,1,1,1,1,0.4727414857442136
0.00012553351744915893,0.5,0,0,1,1.999800019998e-05,0,1,0,1,1,0.40910413922887723
0.0001383891502906172,0.3333333333333333,0,0,0,1.969783520791065e-05,0,1,0,1,1,0.30304467457443923
0.001364256480218281,0.16666666666666666,1,0,1,3.3198326804329064e-05,1,1,0,1,1,0.5607331019521535
0.0001048327916972429,0.3333333333333333,0,0,0,1.657000553935285e-07,1,1,1,1,1,0.4848580301659169
0.00045934772622875517,0.1111111111111111,0,0,0,1.0526204987315923e-05,1,1,1,1,1,0.46468918045839336
0.005154639175257732,0.14285714285714285,0,0,0,1.0,0,1,0,1,1,0.37709198018476364
0.00010565240359218173,0.14285714285714285,0,0,0,1.24998437519531e-05,1,1,0,1,1,0.3766341177367715
0.00016863406408094435,0.2,0,0,0,3.853282418628308e-06,1,1,0,1,1,0.3818338624860454
0.00033852403520649965,0.25,0,1,0,8.332638946754438e-05,0,1,0,1,1,0.3864019864022431
0.00014825796886582654,0.3333333333333333,0,0,0,8.47450445335209e-06,1,1,1,1,1,0.48486273325515017
0.00014983518130056938,0.3333333333333333,0,0,0,1.498329362760522e-05,1,1,1,1,1,0.4848634683462056
0.00012049644535486203,0.2,0,0,0,1.0526204987315923e-05,1,1,0,1,1,0.3818300929682129
0.0005379236148466917,0.2,0,0,1,1.24998437519531e-05,1,1,0,1,1,0.47277731122350897
0.00013486176668914363,0.3333333333333333,0,0,0,2.2726756210086133e-05,1,1,0,1,1,0.3939537201687484
0.00016655562958027982,0.0018018018018018018,0,0,0,0.0001999600079984003,1,1,1,1,1,0.45474257431267096
0.00022286605749944285,0.16666666666666666,0,0,1,8.332638946754438e-05,0,1,0,1,1,0.37881571446487583
0.00011890606420927467,0.3333333333333333,0,0,0,2.1738657855264015e-05,1,1,1,1,1,0.48486127073230895
0.00010884946119516709,0.1,0,0,0,0.000999000999000999,0,1,0,1,1,0.2819188954963815
0.0004928536224741252,0.5,0,0,0,6.249609399412537e-05,1,1,0,1,1,0.40914139542876976
0.00015870496746548166,0.25,0,0,0,6.666222251849876e-05,1,1,0,1,1,0.3863841242899985
0.000140548137737175,0.5,0,0,0,2.6737253014625278e-05,1,1,1,1,1,0.5000152077627956
0.00011437721605856113,0.08333333333333333,0,0,0,8.688172790380456e-06,0,1,0,1,1,0.28031421806565293
0.00024289531212047608,0.14285714285714285,0,0,0,1.2820348457071063e-05,0,1,0,1,1,0.28573753259252005
0.00011584800741427248,0.16666666666666666,0,0,0,1.2194973232033756e-05,1,1,0,1,1,0.3787995190588466
0.00013982102908277405,1.0,0,0,0,1.11680682592332e-05,0,1,0,1,1,0.36365008991794023
0.00020588840848260242,0.14285714285714285,0,0,1,2.9410899679421194e-05,1,1,0,1,1,0.46755385837866403
0.00021404109589041095,0.3333333333333333,0,0,0,7.582075972401244e-05,1,1,1,1,1,0.484874835926268
0.0001913143294432753,0.3333333333333333,0,0,1,2.4389649032950417e-05,1,1,0,1,1,0.4848680943010736
0.00015870496746548166,0.2,0,0,0,0.00012498437695288088,0,1,0,1,1,0.2909348808494926
0.00013825521913452232,0.5,0,0,0,1.1764567475676756e-05,1,1,0,1,1,0.4091045472533282
0.00014585764294049007,0.5,0,0,0,1.24998437519531e-05,1,1,1,1,1,0.5000143961351539
0.00011535355865728458,0.16666666666666666,0,0,0,0.0001999600079984003,1,1,0,1,1,0.3788165436575747
0.0014367816091954023,0.14285714285714285,1,0,1,2.3808956929596913e-05,1,1,1,1,1,0.6494834303112061
0.0001913143294432753,0.25,0,0,1,0.0001999600079984003,1,1,0,1,1,0.4773082976670402
0.00016758840288252054,0.2,0,0,0,1.2479718896827793e-07,0,1,0,1,1,0.29092433756364283
0.00016353229762878168,0.125,0,0,0,0.0004997501249375312,0,1,0,1,1,0.2841512074929606
0.0001913143294432753,0.1,0,0,0,8.210173883272674e-07,0,1,0,1,1,0.28183564866789373
0.0005422993492407809,0.2,1,0,0,1.3698442487089218e-05,1,1,1,1,1,0.563686908890157
0.00017985611510791367,1.0,0,0,0,9.999000099990002e-05,1,1,1,1,1,0.5454799860105553
0.00010438413361169103,1.0,0,0,0,3.448156960104824e-05,0,1,0,1,1,0.3636489877912012
0.00012547051442910915,1.0,0,0,0,0.00014283673760891302,0,1,0,1,1,0.36366075520473073
0.00013486176668914363,0.3333333333333333,0,0,0,0.00012498437695288088,1,1,0,1,1,0.39396301631608865
0.00012851818532322323,0.3333333333333333,0,0,0,3.846005922849121e-05,1,1,0,1,1,0.39395457377980775
0.00013493455673998112,1.0,0,0,1,0.00011492931846914148,1,1,0,1,1,0.5454772603522918
0.00010076582023377671,0.004878048780487805,0,0,0,1.24998437519531e-05,1,1,0,1,1,0.3640901194949521
0.00015862944162436547,1.0,0,0,0,2.9410899679421194e-05,1,1,0,1,1,0.45456254912193667
0.00024289531212047608,0.2,0,0,0,9.70864360540189e-06,1,1,0,1,1,0.3818411458141569
0.00012851818532322323,0.5,0,0,0,4.347637059258293e-05,1,1,0,1,1,0.4091065449596287
0.00012851818532322323,0.3333333333333333,0,0,0,5.555246930726071e-05,1,1,0,1,1,0.39395612763526944
0.00012851818532322323,0.25,0,0,0,7.691716021844474e-05,0,1,0,1,1,0.2954732213950492
0.002403846153846154,0.1,0,0,1,1.8867568536442707e-05,0,1,0,1,1,0.3729475194293075
0.000155448468832582,0.1111111111111111,1,0,1,1.6128772116578765e-05,1,1,0,1,1,0.555571153486551
0.00020977554017201594,0.125,0,0,1,9.09008271975275e-05,0,1,0,1,1,0.3750273342152154
0.0002994011976047904,0.5,0,0,0,5.104384666428462e-05,1,1,0,1,1,0.4091227677312972
0.0001490757304710793,0.3333333333333333,1,0,1,6.671069572584573e-06,0,1,0,1,1,0.48486264364848886
0.00011684973124561814,0.004464285714285714,1,0,0,5.489378053466542e-05,1,1,0,1,1,0.4549669117478242
0.00014585764294049007,0.25,0,0,0,2.9410899679421194e-05,1,1,0,1,1,0.3863795698675109
0.00019546520719311962,0.25,0,0,0,6.757030690433396e-06,0,1,0,1,1,0.29547292929435304
0.0001303780964797914,0.25,0,0,1,1.6649185022393154e-05,0,1,0,1,1,0.3863770024801365
0.00011584800741427248,0.5,0,0,1,6.671069572584573e-06,1,1,1,1,1,0.5909202290069988
0.0001355380862022228,0.5,0,0,0,6.901263621369073e-06,1,1,0,1,1,0.4091038581227112
0.00011437721605856113,0.5,0,0,0,7.142346975216056e-05,1,1,1,1,1,0.5000168909714374
0.00012851818532322323,0.3333333333333333,0,0,0,9.83324778407761e-07,1,1,0,1,1,0.39395116680394865
0.0002074688796680498,0.3333333333333333,0,0,1,6.671069572584573e-06,1,1,1,1,1,0.5757770430256884
0.00039261876717707107,0.0025974025974025974,1,0,0,6.249609399412537e-05,1,1,1,1,1,0.5457320470416885
0.00014585764294049007,0.3333333333333333,0,0,0,4.873291972079936e-07,0,1,0,1,1,0.30304360711867917
0.00015870496746548166,0.5,0,0,0,3.292721997786632e-07,1,1,0,1,1,0.4091053667490605
0.00010653030787258975,0.25,0,0,0,1.3333155557925894e-05,1,1,1,1,1,0.4772836239512209
0.0005274261603375527,0.5,1,0,0,6.896504162040262e-06,1,1,0,1,1,0.5000485747876818
0.00011890606420927467,0.5,0,0,0,5.127942156812471e-05,1,1,0,1,1,0.40910638049870707
0.00013833171946327292,0.16666666666666666,0,0,0,1.2706464159511867e-06,1,1,1,1,1,0.4697096608211405
0.00011247328759419637,0.2,0,0,0,3.846005922849121e-05,1,1,0,1,1,0.38183190303152936
0.00012642225031605562,0.2,0,0,0,2.145876697924937e-05,1,1,0,1,1,0.3818316255470269
0.0001383891502906172,0.5,0,0,0,0.0003332222592469177,1,1,0,1,1,0.40913378285541246
0.0001926782273603083,0.3333333333333333,1,0,0,1.666638889351844e-05,1,1,0,1,1,0.4848675161772352
0.0001199616122840691,0.2,0,0,0,6.671069572584573e-06,1,1,0,1,1,0.38182969388016874
0.0001342642320085929,0.3333333333333333,0,0,1,3.326126725428239e-05,0,1,0,1,1,0.393954623530236
0.0001383891502906172,0.14285714285714285,0,0,0,1.0309172070391028e-05,0,1,0,1,1,0.28572780374359125
0.0001490757304710793,0.2,0,0,0,6.666222251849876e-05,0,1,0,1,1,0.2909287034502718
0.00020588840848260242,0.5,0,0,0,2.6315096971132338e-05,0,1,0,1,1,0.3182029275914049
0.0002668801708033093,0.3333333333333333,0,0,0,2.777700619427238e-05,1,1,0,1,1,0.3939661809554847
0.00017866714311238162,0.5,0,0,0,1.204804761388417e-05,1,1,0,1,1,0.40910824683552055
0.00020588840848260242,0.2,0,0,0,2.465422450136831e-05,0,1,0,1,1,0.2909300493302713
0.00017406440382941688,0.3333333333333333,0,0,0,6.671069572584573e-06,1,1,1,1,1,0.48486491534606685
0.00024509803921568627,0.5,0,0,0,9.0908264470323e-06,1,1,1,1,1,0.5000231080786967
0.00016758840288252054,0.5,0,0,0,0.00014490653528474135,1,1,0,1,1,0.4091193177216516
0.0001199616122840691,0.25,0,0,0,2.127614306078594e-05,1,1,0,1,1,0.3863764761595769
0.0001199616122840691,0.125,0,0,0,3.7592571707830533e-05,1,1,1,1,1,0.46592341401672654
0.00011341726210729273,0.2,0,0,0,1.0,1,1,1,1,1,0.5636466742965552
8.143322475570033e-05,0.125,0,0,1,2.2221728406035422e-05,0,1,0,1,1,0.3750094231775601
0.00020279862096937742,0.2,0,0,0,3.999840006399744e-05,1,1,0,1,1,0.3818402542746394
0.00014990256333383302,0.3333333333333333,1,0,0,1.1904620183093059e-05,1,1,1,1,1,0.5757722855015319
0.00013164823591363875,0.0625,0,0,0,1.4530026299347602e-05,1,1,1,1,1,0.46024056166020116
0.0003792188092529389,0.3333333333333333,0,0,0,2.8570612268220908e-05,0,1,0,1,1,0.30306737479589585
0.00012671059300557527,0.3333333333333333,0,0,0,5.027649558748336e-07,1,1,0,1,1,0.3939509587901177
0.00013164823591363875,0.2,0,0,0,2.0832899314597614e-05,1,1,1,1,1,0.47274113464865714
0.00013164823591363875,1.0,0,0,0,1.2658067619397223e-05,1,1,0,1,1,0.45455857330032123
0.0002961208172934557,0.14285714285714285,0,0,1,2.564036819568729e-05,1,1,0,1,1,0.46756171854933015
0.00012049644535486203,0.3333333333333333,0,0,0,1.6128772116578765e-05,0,1,0,1,1,0.30304272350461864
0.0001048327916972429,0.125,0,0,0,2.702629658657874e-05,0,1,0,1,1,0.2841028962807531
0.0014367816091954023,0.1,0,0,0,6.671069572584573e-06,1,1,1,1,1,0.4637675866071607
0.00022935779816513763,0.1111111111111111,0,0,1,4.0948364112853693e-05,1,1,1,1,1,0.5555801288430353
0.00015870496746548166,1.0,0,0,0,1.4908684308609766e-05,0,1,0,1,1,0.3636521466956158
0.00017985611510791367,0.25,0,0,1,4.1930479265378e-05,0,1,0,1,1,0.3863837987813067
0.00010565240359218173,0.5,0,0,0,6.671069572584573e-06,1,1,1,1,1,0.5000102112248331
0.00010167768174885612,0.3333333333333333,0,0,0,6.671069572584573e-06,1,1,0,1,1,0.39394924382587765
0.00016353229762878168,0.3333333333333333,0,0,0,0.00041649312786339027,1,1,1,1,1,0.48490121443262046
0.00019102196752626553,0.3333333333333333,0,0,0,2.0832899314597614e-05,1,1,0,1,1,0.3939586534727431
0.00010438413361169103,0.25,1,0,0,6.677617960121266e-06,1,1,0,1,1,0.4772828237955974
0.00010156408693885842,0.25,0,0,0,1.5624755863189637e-05,1,1,0,1,1,0.3863742898948002
7.326007326007326e-05,0.1111111111111111,1,0,0,6.671069572584573e-06,0,1,0,1,1,0.373744640204904
0.0001226241569589209,0.125,1,0,0,3.7035665345727935e-05,1,1,0,1,1,0.4659236054383913
0.00011634671320535195,0.16666666666666666,0,0,0,1.8449844098817365e-05,1,1,0,1,1,0.378800133020361
0.00017406440382941688,0.16666666666666666,0,0,0,1.24998437519531e-05,0,1,0,1,1,0.28789574826493164
3.106458326861545e-05,0.125,0,0,0,2.1834013462852703e-06,0,1,0,1,1,0.284093931634965
0.00012158054711246201,1.0,0,0,1,6.671069572584573e-06,1,1,0,1,1,0.5454662046924259
0.00011389521640091117,0.5,0,0,0,2.8570612268220908e-05,0,1,0,1,1,0.31819476962078813
0.00011684973124561814,0.2,0,0,1,6.671069572584573e-06,0,1,0,1,1,0.38182941098189255
0.000142025280499929,0.25,1,0,0,1.1764567475676756e-05,1,1,0,1,1,0.4772867081679978
0.00012158054711246201,0.08333333333333333,0,0,0,4.132060658650469e-05,1,1,0,1,1,0.37122693040791205
0.00012851818532322323,0.25,0,0,0,2.3808956929596913e-05,1,1,1,1,1,0.47728657519475026
0.00015862944162436547,0.5,0,0,0,3.0302112057210386e-05,0,1,0,1,1,0.31819899377760746
0.0001822821728034998,0.3333333333333333,0,0,1,2.8570612268220908e-05,0,1,0,1,1,0.39395856237440047
0.00012790995139421848,0.25,0,0,0,9.999000099990002e-05,0,1,0,1,1,0.29547526363203586
0.0004484304932735426,0.25,0,0,0,6.6736517555040945e-06,1,1,0,1,1,0.38640500946772993
0.0001490757304710793,1.0,0,0,0,0.00042354934349851756,1,1,1,1,1,0.5455066022794518
0.000122684333210649,0.16666666666666666,0,0,0,4.692610546172942e-06,0,1,0,1,1,0.28789036760094755
0.00028368794326241134,0.16666666666666666,0,0,0,2.609671442365406e-05,1,1,1,1,1,0.46972513193857757
0.00011341726210729273,0.2,0,0,0,3.333222225925803e-05,0,1,0,1,1,0.290922431771306
0.0009380863039399625,0.1111111111111111,0,0,0,1.923039941539586e-05,1,1,1,1,1,0.4647334934376788
0.00017866714311238162,0.5,0,0,0,2.8570612268220908e-05,1,1,1,1,1,0.5000188397959437
0.0001474491300501327,0.02857142857142857,0,0,0,2.127614306078594e-05,0,1,0,1,1,0.27534001398586727
0.00026171159382360636,0.14285714285714285,0,0,0,1.1904620183093059e-05,1,1,1,1,1,0.46755734173374086
0.0001490757304710793,0.5,0,0,0,3.2894726021471703e-07,1,1,0,1,1,0.40910449133433924
0.00016863406408094435,0.25,0,0,0,1.8181487609316193e-05,1,1,0,1,1,0.3863806195956082
0.00023245002324500232,0.25,0,0,0,1.4347200237130527e-07,1,1,0,1,1,0.38638478122684067
0.0027548209366391185,0.125,0,0,0,3.999840006399744e-05,0,1,0,1,1,0.2843449835760639
0.000140548137737175,0.2,0,0,0,8.064451093136346e-06,1,1,1,1,1,0.4727407829626209
0.0001490757304710793,0.5,0,0,1,8.064451093136346e-06,1,1,1,1,1,0.5909233763801421
0.00011684973124561814,0.14285714285714285,0,0,0,3.36802398033074e-05,1,1,1,1,1,0.4675461520752902
0.00029291154071470416,0.25,0,0,0,1.234589849498559e-07,1,1,0,1,1,0.38639027590906366
0.00011684973124561814,0.2,0,0,0,5.7211510956004346e-05,1,1,1,1,1,0.47274309647656376
0.00011684973124561814,0.16666666666666666,0,0,0,5.131099594643132e-05,1,1,0,1,1,0.37880316612671444
0.00012845215157353886,0.3333333333333333,0,0,0,0.0001333155579256099,1,1,1,1,1,0.48487228191298476
0.00013982102908277405,0.004878048780487805,0,0,0,3.333222225925803e-05,1,1,1,1,1,0.4550046547301663
0.00017185083347654237,0.25,0,0,1,6.671069572584573e-06,1,1,0,1,1,0.4772889565366408
0.00012790995139421848,0.2,0,0,0,1.666638889351844e-05,1,1,0,1,1,0.3818313251218443
0.00010423181154888472,0.1111111111111111,0,0,0,0.0001999600079984003,1,1,1,1,1,0.4646741184482417
0.00010586491636671607,0.125,0,0,1,1.7543551867511095e-05,0,1,0,1,1,0.3750112189516576
0.00022471910112359551,0.3333333333333333,0,0,0,4.347637059258293e-05,1,1,1,1,1,0.4848728662550045
0.0001577784790154623,0.5,0,0,0,3.3715430304979666e-07,1,1,1,1,1,0.5000143741484835
0.00013493455673998112,0.14285714285714285,0,0,0,3.225702396696881e-05,1,1,1,1,1,0.4675476667670773
0.0001490757304710793,1.0,0,0,0,2.2726756210086133e-05,1,1,0,1,1,0.4545610729533347
0.00011389521640091117,0.125,0,0,0,6.671069572584573e-06,1,1,1,1,1,0.46592005148054305
0.00020279862096937742,0.0025974025974025974,0,0,0,8.332638946754438e-05,1,1,0,1,1,0.3638985025098036
0.00011486331265793706,0.0015503875968992248,0,0,0,1.0,1,1,0,1,1,0.45469684099177793
0.00022471910112359551,0.001092896174863388,0,0,0,2.4389649032950417e-05,1,1,0,1,1,0.3637583640840927
0.00014585764294049007,0.25,0,0,0,2.4390184414184357e-06,1,1,1,1,1,0.47728620878739836
0.00011341726210729273,1.0,0,0,1,1.8518175589340937e-05,1,1,0,1,1,0.5454665395852452
0.0002074688796680498,0.25,0,0,0,1.4367814027612928e-07,1,1,0,1,1,0.38638251023252806
0.00010315659170621003,0.009174311926605505,0,0,0,1.999960000799984e-05,1,1,1,1,1,0.4553906789198472
0.0001822821728034998,0.5,0,0,0,1.8181487609316193e-05,0,1,0,1,1,0.3182000421509466
0.000122684333210649,0.25,0,0,0,1.204804761388417e-05,1,1,0,1,1,0.38637588476189316
0.00010187449062754686,0.16666666666666666,0,0,0,6.896504162040262e-06,0,1,0,1,1,0.28788867615104147
0.00010156408693885842,0.5,0,0,0,1.24998437519531e-05,1,1,0,1,1,0.40910127853915373
0.0001926782273603083,0.14285714285714285,0,0,0,2.1977538955187797e-05,0,1,0,1,1,0.28573379987485986
0.00018996960486322188,0.5,0,0,0,2.0136525643865408e-05,1,1,0,1,1,0.4091100096482279
0.0001926782273603083,0.125,0,0,1,2.8472993365792545e-05,1,1,1,1,1,0.5568382864746115
0.00021070375052675939,0.125,0,0,0,1.0416558160852491e-05,0,1,0,1,1,0.2841110109371534
0.00020128824476650564,0.1,0,0,0,6.992958091202159e-06,1,1,1,1,1,0.46365529829116886
0.00022104332449160034,0.25,0,0,0,0.00039984006397441024,1,1,0,1,1,0.38642008030804237
0.00010797969981643452,0.1111111111111111,0,0,0,5.2083062067385065e-06,1,1,0,1,1,0.37374766355610317
0.00020588840848260242,0.2,0,0,1,8.332638946754438e-05,0,1,0,1,1,0.3818444740725409
0.00011247328759419637,0.0009950248756218905,0,0,0,6.711364353259374e-06,1,1,0,1,1,0.36373765541159725
0.00015870496746548166,1.0,0,0,0,1.010090807163564e-05,1,1,1,1,1,0.5454698914432307
0.00017633574325515782,1.0,1,0,0,1.2820348457071063e-05,1,1,1,1,1,0.6363808323719738
0.00011486331265793706,0.25,0,0,0,0.00024993751562109475,1,1,1,1,1,0.477305890984389
0.00016863406408094435,1.0,0,0,0,1.4705666093145688e-05,1,1,1,1,1,0.5454712127027431
0.00014983518130056938,0.16666666666666666,0,0,0,1.1494120757232676e-05,1,1,0,1,1,0.3788025450880658
0.00020588840848260242,0.2,0,0,0,1.5872763924382153e-05,1,1,1,1,1,0.4727474328338552
0.00014983518130056938,0.16666666666666666,0,0,0,1.1494120757232676e-05,1,1,0,1,1,0.3788025450880658
0.00010690613641223006,0.2,0,0,0,3.7035665345727935e-05,1,1,0,1,1,0.38183126743652346
0.000671591672263264,0.16666666666666666,0,0,0,1.2345526598437056e-05,0,1,0,1,1,0.2879409639877753
0.0001383891502906172,1.0,0,0,0,0.00012498437695288088,0,1,0,1,1,0.36366030668429483
0.00017985611510791367,0.25,0,0,1,6.6726720715310444e-06,1,1,0,1,1,0.47728968443519815
0.00012553351744915893,0.25,0,0,0,3.401244855617156e-05,1,1,0,1,1,0.3863781405423641
0.00010586491636671607,0.16666666666666666,0,0,0,1.4285510206997042e-05,1,1,1,1,1,0.46970789246302186
0.0007763975155279503,0.125,0,0,0,2.499937501562461e-05,0,1,0,1,1,0.28416376335368576
0.0004928536224741252,0.1111111111111111,0,0,1,4.053013415474405e-05,1,1,1,1,1,0.5556040449879763
0.00013493455673998112,0.14285714285714285,0,0,0,6.671069572584573e-06,1,1,1,1,1,0.4675453407712232
0.00028368794326241134,0.25,0,0,0,3.571301024963394e-05,1,1,0,1,1,0.38639267281395556
0.00012547051442910915,0.5,0,0,0,6.671069572584573e-06,0,1,0,1,1,0.31819383105309107
0.00014128284826222097,0.1,0,0,0,1.24998437519531e-05,1,1,0,1,1,0.3727412529720013
0.00010264832683227263,0.125,0,0,0,1.0,0,1,0,1,1,0.37500933166607564
0.0001199616122840691,0.25,0,0,0,5.882318339303887e-06,1,1,0,1,1,0.38637507672096577
0.0015174506828528073,0.125,0,0,0,4.053013415474405e-05,1,1,1,1,1,0.46605072552881893
0.00011108642523883582,0.001081081081081081,0,0,0,2.3808956929596913e-05,0,1,0,1,1,0.2728378160421136
0.00010628122010840685,0.2,0,0,0,1.8337520400491445e-05,1,1,0,1,1,0.38182951079459165
0.00011108642523883582,0.25,0,0,0,9.999000099990002e-05,0,1,0,1,1,0.29547373422056716
0.00012664640324214793,0.25,0,0,0,2.9567428520741552e-05,1,1,0,1,1,0.3863778376210694
0.00011246063877642825,0.2,0,0,0,1.1110987655692714e-05,1,1,1,1,1,0.4727385065114938
0.00016852039096730705,0.3333333333333333,0,0,0,2.2726756210086133e-05,1,1,1,1,1,0.48486587095277367
0.0001092896174863388,1.0,0,0,0,6.666222251849876e-05,1,1,0,1,1,0.4545614501672732
0.00010545186122535063,0.16666666666666666,0,0,1,7.142806122813409e-06,1,1,0,1,1,0.4697072055758195
0.00013101008777675882,1.0,0,0,0,1.1363507232872354e-05,1,1,1,1,1,0.5454674885086372
0.0004478280340349306,0.25,0,0,1,2.4208971844965745e-05,0,1,0,1,1,0.38640654881871633
0.0001541782300339192,0.5,0,0,0,1.9813746817169247e-07,1,1,0,1,1,0.4091049433061366
0.00014128284826222097,0.009523809523809525,1,0,0,1.1216420840109921e-05,1,1,1,1,1,0.5463342098902647
0.0002668801708033093,0.16666666666666666,0,0,0,6.249960937744139e-06,1,1,1,1,1,0.4697217997089462
0.000224517287831163,0.25,0,0,0,3.0302112057210386e-05,1,1,1,1,1,0.4772958926727171
0.00020128824476650564,0.25,0,0,0,1.694886527346994e-05,1,1,1,1,1,0.47729256701000367
0.00010586491636671607,0.125,0,0,0,0.00024993751562109475,0,1,0,1,1,0.2841232547665444
0.0005379236148466917,0.16666666666666666,0,0,0,1.3157721608926199e-05,0,1,0,1,1,0.28792888618210205
0.0001342642320085929,0.2,0,0,0,7.999936000511995e-06,1,1,0,1,1,0.38183111492436445
0.00011943150603129105,0.25,0,0,1,8.54693549627781e-06,1,1,0,1,1,0.4772843616765025
0.00012553351744915893,0.3333333333333333,0,0,0,4.363382494109434e-05,0,1,0,1,1,0.30304568187961123
0.00020588840848260242,0.5,0,0,0,1.964636156260087e-07,1,1,0,1,1,0.40910964407928163
0.00012103606874848704,0.14285714285714285,0,0,1,8.504413790757403e-06,1,1,0,1,1,0.4675442439399711
0.00013164823591363875,0.5,0,0,0,3.571301024963394e-05,1,1,1,1,1,0.5000152146587421
0.00027624309392265195,0.125,0,0,1,3.177326597400947e-05,1,1,0,1,1,0.4659370923963543
0.0003076923076923077,0.125,0,0,1,0.00012064181445288937,1,1,0,1,1,0.4659480303747405
0.00010565240359218173,0.2,0,0,0,1.923039941539586e-05,1,1,0,1,1,0.3818295348002734
0.00010797969981643452,0.1111111111111111,0,0,0,1.2239752267414108e-05,1,1,0,1,1,0.37374830277847226
0.00014585764294049007,0.3333333333333333,0,0,0,1.6391749704538712e-07,1,1,0,1,1,0.39395266862670647
0.0001926782273603083,0.1,0,0,0,8.188660179610072e-07,1,1,1,1,1,0.4636539542812162
0.00010565240359218173,0.25,0,0,0,9.587635784891803e-06,1,1,0,1,1,0.3863741127308524
0.0001226241569589209,0.5,0,0,0,2.8570612268220908e-05,1,1,1,1,1,0.5000137449790206
0.0002243661655822302,0.25,0,0,0,1.1494120757232676e-05,0,1,0,1,1,0.2954759872987581
0.00018601190476190475,0.0013245033112582781,0,0,0,3.999840006399744e-05,1,1,0,1,1,0.3637773194196441
0.00014990256333383302,0.25,0,0,0,4.545247943275306e-05,1,1,1,1,1,0.4772904868220697
0.00015870496746548166,0.2,0,0,1,0.00023142791020597085,1,1,1,1,1,0.5636718302616065
0.00045934772622875517,0.25,1,0,1,6.192717364379489e-06,1,1,1,1,1,0.6591332309494176
0.00012212994626282364,0.3333333333333333,0,0,0,1.0638184700162764e-05,1,1,0,1,1,0.3939514637694815
0.0002668801708033093,0.3333333333333333,0,0,1,8.994423457456377e-05,1,1,1,1,1,0.5757900143398829
0.00015489467162329616,0.0012106537530266344,0,0,0,3.12343828085957e-05,1,1,0,1,1,0.36376334389158715
0.0001383891502906172,0.125,0,0,0,1.4492543586324836e-05,0,1,0,1,1,0.28410480742671607
0.00010586491636671607,0.1111111111111111,0,0,0,6.671069572584573e-06,0,1,0,1,1,0.28283851337245913
0.00027344818156959256,0.1111111111111111,0,0,0,1.0869447071227487e-05,1,1,1,1,1,0.46467231170361384
0.00013486176668914363,0.3333333333333333,0,0,0,5.399124909834614e-07,1,1,0,1,1,0.39395170318295575
0.00011684973124561814,0.3333333333333333,0,0,1,1.8867568536442707e-05,1,1,0,1,1,0.48486082278482867
0.00010628122010840685,0.1111111111111111,0,0,0,1.6498924847562308e-07,1,1,0,1,1,0.37374705066549707
0.00012212994626282364,0.0019455252918287938,0,0,0,0.0011173184357541898,1,1,1,1,1,0.45483499760671325
0.00023446658851113716,0.0027397260273972603,0,0,0,7.142346975216056e-05,0,1,0,1,1,0.27300414691687824
0.0001342642320085929,0.3333333333333333,0,0,1,7.751877892419439e-06,1,1,1,1,1,0.5757704863130213
0.00012043839576056847,0.125,1,0,0,6.849268155697563e-06,1,1,1,1,1,0.5568297534239924
0.00025647601949217746,0.0024096385542168677,0,0,0,0.00011109876680368848,1,1,0,1,1,0.3638888375764103
0.00011018069634200089,0.09090909090909091,0,0,0,0.00012498437695288088,1,1,0,1,1,0.3719222050893078
0.0001541782300339192,1.0,0,0,0,6.667066690668107e-06,1,1,1,1,1,0.5454691677542477
0.0001524390243902439,0.25,0,0,1,0.00011234692731153803,1,1,0,1,1,0.47729679872288194
0.0001226241569589209,0.25,0,0,0,2.4473807030394755e-07,1,1,0,1,1,0.38637480626318443
0.00011018069634200089,0.14285714285714285,0,0,0,1.8518175589340937e-05,1,1,1,1,1,0.46754416742991584
0.00014585764294049007,0.004878048780487805,0,0,0,3.333222225925803e-05,0,1,0,1,1,0.2731870216950625
0.0001048327916972429,0.0024390243902439024,0,0,0,2.150491387281994e-05,1,1,0,1,1,0.3638695783723467
0.0001490757304710793,0.16666666666666666,0,0,0,1.4244811327473967e-05,0,1,0,1,1,0.28789363520076955
0.00011486331265793706,0.0009950248756218905,0,0,0,6.671069572584573e-06,1,1,1,1,1,0.454646959932532
0.00017866714311238162,1.0,0,0,0,9.62462981267583e-07,1,1,0,1,1,0.45456178450964485
0.00041407867494824016,0.5,0,0,0,4.999750012499375e-05,1,1,1,1,1,0.5000421887431885
0.00010628122010840685,0.2,0,0,0,4.999750012499375e-05,1,1,0,1,1,0.38183238897456667
0.00015862944162436547,0.5,0,0,0,2.0076285871052826e-07,0,1,0,1,1,0.3181962572913166
0.00011018069634200089,0.2,0,0,0,1.1110987655692714e-05,1,1,0,1,1,0.38182920833490885
0.00011684973124561814,0.25,0,0,1,6.671069572584573e-06,1,1,0,1,1,0.477283956436438
0.00011242270938729624,0.25,0,0,0,2.0746457542374638e-05,1,1,0,1,1,0.386375742651539
0.00013164823591363875,0.2,0,0,0,6.757076348205658e-06,1,1,1,1,1,0.47273985502838745
0.0011376564277588168,0.09090909090909091,0,0,0,7.520719582449649e-06,1,1,1,1,1,0.46291402436876655
0.00026954177897574127,0.125,0,0,0,4.7616780153326035e-05,1,1,1,1,1,0.4659379235053754
0.00017406440382941688,0.3333333333333333,0,0,0,2.487500310937539e-05,0,1,0,1,1,0.30304838843093385
0.00013493455673998112,0.3333333333333333,0,0,0,3.846005922849121e-05,1,1,1,1,1,0.4848642479953911
0.00010586491636671607,0.14285714285714285,0,0,0,3.999840006399744e-05,1,1,0,1,1,0.37663663692487037
0.00020588840848260242,1.0,0,0,0,5.88200694076819e-05,1,1,1,1,1,0.5454786098616263
0.00010586491636671607,0.2,0,0,0,1.1627771770095696e-05,1,1,1,1,1,0.47273795388073975
0.00010463534581981794,0.16666666666666666,0,0,0,9.09008271975275e-05,1,1,0,1,1,0.3788056548036076
0.0001050420168067227,0.08333333333333333,0,0,0,2.9410899679421194e-05,1,1,0,1,1,0.37122434420452904
0.00024073182474723158,0.25,0,0,0,5.555246930726071e-05,1,1,1,1,1,0.4772996622085504
0.00027344818156959256,0.2,0,0,0,6.67240493491069e-06,1,1,0,1,1,0.38184364732604587
0.00011247328759419637,0.5,0,0,0,7.404610110254644e-06,1,1,0,1,1,0.4091018070816095
7.113893433876361e-05,0.125,1,0,0,0.00010751532093323298,0,1,0,1,1,0.37501624129593386
0.00010793308148947653,0.2,0,0,0,1.9684651876931558e-05,1,1,0,1,1,0.3818297834303061
0.00010733068584308254,0.09090909090909091,0,0,0,9.999000099990002e-05,1,1,0,1,1,0.3719196737814485
0.00011735711770918906,0.1,0,0,0,2.3255273133182948e-05,1,1,0,1,1,0.3727400556718948
0.00013493455673998112,0.3333333333333333,0,0,0,3.0302112057210386e-05,0,1,0,1,1,0.3030453245456482
0.00024289531212047608,0.25,0,0,1,1.1611165296549161e-05,0,1,0,1,1,0.38638677331612886
0.0002961208172934557,0.16666666666666666,0,0,0,9.75600238046458e-06,1,1,1,1,1,0.46972477668057644
0.00012547051442910915,0.3333333333333333,0,0,0,1.6891321239147324e-05,1,1,0,1,1,0.39395233592445467
0.0001490757304710793,0.3333333333333333,0,0,1,1.724108205030948e-05,0,1,0,1,1,0.3939545136496232
0.0002668801708033093,0.0011695906432748538,0,0,0,2.8570612268220908e-05,1,1,1,1,1,0.45467864012966785
0.0002074688796680498,0.125,0,0,0,7.434336225290125e-06,1,1,1,1,1,0.4659286275650812
0.00016353229762878168,0.16666666666666666,0,0,0,1.2464149988595303e-06,1,1,1,1,1,0.46971194957993584
0.00010797969981643452,0.14285714285714285,0,0,0,0.0003332222592469177,0,1,0,1,1,0.28575439498329147
0.00010712372790573112,0.125,0,0,0,7.987156652103417e-06,1,1,1,1,1,0.4659195555349598
0.00014585764294049007,0.16666666666666666,0,0,0,1.1047079781789242e-07,1,1,1,1,1,0.4697102395254913
0.00010362694300518135,0.2,0,0,0,6.36902108145978e-05,1,1,1,1,1,0.47274248337762
0.00010524100189433803,0.14285714285714285,0,0,0,1.1904620183093059e-05,1,1,1,1,1,0.46754311713447455
0.00016852039096730705,1.0,0,0,1,2.53318471982977e-05,1,1,0,1,1,0.5454721683852878
0.0001034340091021928,0.2,0,0,0,1.999960000799984e-05,1,1,0,1,1,0.38182940305537366
0.0002994011976047904,0.125,0,0,0,9.525814480952657e-07,0,1,0,1,1,0.2841182139799139
0.0005274261603375527,0.14285714285714285,0,0,0,1.0799124406993081e-06,0,1,0,1,1,0.2857623317209019
0.0003169572107765452,0.125,0,0,0,9.424981856909926e-06,0,1,0,1,1,0.2841205801993303
0.00013164823591363875,0.3333333333333333,0,0,0,1.633186079832422e-07,1,1,0,1,1,0.3939513768079868
0.0001490757304710793,0.5,0,0,0,1.9455249133220014e-07,1,1,0,1,1,0.40910447911663295
0.00011389521640091117,0.16666666666666666,0,0,0,5.555524691529492e-06,1,1,0,1,1,0.3787987379461599
0.00013493455673998112,0.5,0,0,0,1.9766748415349195e-07,1,1,1,1,1,0.5000122847476568
0.0002994011976047904,0.125,0,0,0,1.0070483312705626e-06,1,1,0,1,1,0.3750273098405396
0.00012553351744915893,0.25,0,0,0,3.999840006399744e-05,1,1,0,1,1,0.38637868471977393
0.00010793308148947653,0.14285714285714285,0,0,0,0.00020559210526315788,1,1,0,1,1,0.3766518789130814
0.00015158405335758679,0.1111111111111111,0,0,0,4.95785574722075e-07,1,1,0,1,1,0.37375119917727667
0.004651162790697674,0.1,0,0,0,2.3808956929596913e-05,1,1,0,1,1,0.3731522701588752
0.0003846153846153846,0.1111111111111111,0,0,0,1.5410932515526514e-05,0,1,0,1,1,0.28286464885711293
0.0001380452788514633,0.06666666666666667,0,0,1,2.4095804920363366e-05,1,1,0,1,1,0.4606208007045853
0.00019546520719311962,0.125,0,0,0,1.0427517802379769e-06,1,1,0,1,1,0.3750178643599067
0.00010438413361169103,0.5,0,0,0,1.8181487609316193e-05,0,1,0,1,1,0.3181929605110201
0.00022471910112359551,0.125,0,0,0,9.689913091169484e-07,1,1,0,1,1,0.3750205170993121
0.00044863167339614175,0.125,0,0,0,1.0,0,1,0,1,1,0.3750407846975815
0.00020588840848260242,0.14285714285714285,0,0,0,1.4265131738491606e-05,1,1,0,1,1,0.3766433905815785
0.0013351134846461949,0.125,0,0,0,9.949149894887232e-07,1,1,0,1,1,0.3751214643999669
0.00012049644535486203,0.3333333333333333,0,0,0,7.43439149505613e-05,1,1,0,1,1,0.3939571066994217
0.00012158054711246201,0.2,0,0,0,1.8181487609316193e-05,0,1,0,1,1,0.29092179654861106
0.0003325573661456601,0.25,0,0,0,2.9849855228202142e-05,1,1,1,1,1,0.4773056733837613
0.0001226241569589209,0.14285714285714285,0,0,0,8.064190960041934e-06,1,1,0,1,1,0.3766352573822784
0.00015870496746548166,0.16666666666666666,0,0,0,1.105216500307637e-07,1,1,0,1,1,0.37880231655961655
0.0001541782300339192,0.5,0,0,0,1.999960000799984e-05,0,1,0,1,1,0.3181976525300038
0.00011437721605856113,0.2,0,0,0,9.0908264470323e-06,1,1,1,1,1,0.4727384970947732
0.0008904719501335708,0.00425531914893617,0,0,1,3.7035665345727935e-05,1,1,0,1,1,0.45501662061494685
0.00013164823591363875,0.25,0,0,0,1.6834988493285366e-06,1,1,1,1,1,0.47728484833952395
0.0001592103168285305,0.008695652173913044,1,0,0,2.564036819568729e-05,0,1,0,1,1,0.3644436820780852
0.00020828993959591752,0.09090909090909091,0,0,0,2.5629853653535638e-05,1,1,0,1,1,0.3719220918820309
0.005154639175257732,0.16666666666666666,0,0,1,3.999840006399744e-05,0,1,0,1,1,0.37926011856745345
0.0001048327916972429,0.3333333333333333,0,0,0,2.777700619427238e-05,1,1,1,1,1,0.4848605402846568
0.00011247328759419637,0.0009950248756218905,0,0,0,6.711364353259374e-06,1,1,0,1,1,0.36373765541159725
0.00012212994626282364,0.3333333333333333,0,0,0,6.9492220345932276e-06,0,1,0,1,1,0.3030420375001483
0.00016863406408094435,0.0044444444444444444,0,0,0,3.571301024963394e-05,0,1,0,1,1,0.27314989013807045
0.00011200716845878136,0.3333333333333333,0,0,0,1.1627771770095696e-05,1,1,0,1,1,0.3939506334794148
0.00011389521640091117,0.25,0,0,0,1.4325750665753448e-07,1,1,0,1,1,0.38637400349762796
0.00022286605749944285,0.5,0,0,0,0.0003332222592469177,1,1,1,1,1,0.5000505534833406
0.00011786892975011787,0.25,0,0,0,4.7616780153326035e-05,1,1,0,1,1,0.38637868051908214
0.00011684973124561814,0.5,0,0,0,1.2308449750753893e-05,1,1,0,1,1,0.409102650743727
0.00022851919561243144,0.3333333333333333,0,0,0,7.691716021844474e-05,1,1,1,1,1,0.48487625178992405
0.00012553351744915893,0.5,0,0,0,1.967922470152028e-07,1,1,0,1,1,0.4091023391190633
0.0002519526329050139,0.2,0,0,0,0.00012498437695288088,1,1,0,1,1,0.381852448819078
0.0001148105625717566,0.2,0,0,0,3.7035665345727935e-05,1,1,1,1,1,0.4727410769298107
0.00012671059300557527,0.1,1,0,0,5.076116364891549e-06,1,1,0,1,1,0.4636483442463064
0.0001524390243902439,0.25,0,0,0,2.564036819568729e-05,1,1,0,1,1,0.38637982539932597
0.0001362954886193267,0.2,0,0,0,2.564036819568729e-05,1,1,0,1,1,0.3818329032597104
0.00011943150603129105,1.0,0,0,0,2.127614306078594e-05,1,1,0,1,1,0.45455824614991747
0.0002821670428893905,0.25,1,0,1,1.4925150370889987e-05,1,1,0,1,1,0.5682088265630237
0.0001092896174863388,0.14285714285714285,0,0,0,4.999750012499375e-05,1,1,1,1,1,0.4675469481795231
0.00012212994626282364,0.3333333333333333,0,0,0,3.0302112057210386e-05,1,1,1,1,1,0.48486234230833214
0.00015179113539769278,0.25,0,0,1,5.092427560217956e-05,1,1,1,1,1,0.5682002468555454
0.0002668801708033093,0.3333333333333333,0,0,0,3.333222225925803e-05,1,1,0,1,1,0.39396668597512696
0.00022286605749944285,0.2,0,0,0,6.755661244122575e-06,0,1,0,1,1,0.29092996561079487
0.00012158054711246201,0.2,0,1,0,4.7616780153326035e-05,1,1,1,1,1,0.5636517452115697
0.00020222446916076846,0.1111111111111111,0,0,0,2.5543240875315776e-06,1,1,0,1,1,0.3737559899913054
0.00016758840288252054,0.5,0,0,0,4.999750012499375e-05,1,1,0,1,1,0.4091106896275461
0.00019252984212552945,0.2,0,0,0,4.999750012499375e-05,1,1,0,1,1,0.38184022975838644
0.00014128284826222097,0.3333333333333333,0,0,0,2.777700619427238e-05,1,1,1,1,1,0.4848638539261627
0.00018996960486322188,0.25,0,0,0,0.0001514921981517952,0,1,0,1,1,0.2954855874366377
0.00020828993959591752,0.25,0,0,0,5.5331156974492333e-05,1,1,1,1,1,0.4772966928269609
0.00011108642523883582,0.14285714285714285,0,0,0,2.499937501562461e-05,0,1,0,1,1,0.2857266571506725
0.00010423181154888472,0.1111111111111111,0,0,0,0.000774593338497289,1,1,0,1,1,0.37381726693283246
0.0001822821728034998,0.015384615384615385,0,0,0,2.2726756210086133e-05,1,1,0,1,1,0.3650536022103299
0.0001541782300339192,0.25,0,0,1,6.670224119530417e-05,1,1,0,1,1,0.4772928073155663
0.0001450747134774409,0.3333333333333333,0,0,0,6.249609399412537e-05,1,1,1,1,1,0.48486735492189137
0.00012553351744915893,0.3333333333333333,0,0,1,0.00011583458820803892,0,1,0,1,1,0.3939613364944537
0.00012553351744915893,0.5,0,0,0,1.2505471143625336e-05,0,1,0,1,1,0.31819436718078115
0.00012553351744915893,0.5,0,0,0,2.5879247431484692e-05,1,1,0,1,1,0.40910467388771643
0.0001541782300339192,0.5,0,0,0,1.3227338262721392e-05,1,1,0,1,1,0.40910612777893607
0.000122684333210649,0.2,0,0,0,5.1902216224632795e-05,1,1,0,1,1,0.38183405332267595
0.0002991325157044571,0.5,1,0,0,1.3174536256323777e-05,0,1,0,1,1,0.40911930064108737
0.00013493455673998112,0.5,0,0,0,3.545093590470789e-05,1,1,0,1,1,0.4091063986811495
0.00010611205432937182,0.125,0,0,0,4.347637059258293e-05,1,1,1,1,1,0.46592268985681107
0.0001097333479644464,0.16666666666666666,0,0,0,2.702629658657874e-05,1,1,0,1,1,0.37880031148283794
0.00012553351744915893,0.5,0,0,1,1.667722891164404e-05,1,1,0,1,1,0.5000129282496691
0.00012671059300557527,0.3333333333333333,0,0,0,3.448156960104824e-05,1,1,0,1,1,0.3939540477723582
0.00011018069634200089,0.2,0,0,0,6.756711103303356e-06,1,1,0,1,1,0.38182881249158596
0.00018733608092918696,0.013333333333333334,0,0,0,2.3255273133182948e-05,1,1,1,1,1,0.4557767204261269
0.00012547051442910915,0.5,0,0,1,0.00011492931846914148,1,1,0,1,1,0.5000218545302635
0.00011486331265793706,0.16666666666666666,0,0,0,1.0988890231975473e-05,0,1,0,1,1,0.28789022898814154
0.000142025280499929,0.3333333333333333,0,0,0,1.5726732299562798e-05,0,1,0,1,1,0.3030446441223757
0.0010298661174047373,0.2,0,0,1,2.4389649032950417e-05,1,1,1,1,1,0.5637322050696761
0.000142025280499929,0.3333333333333333,0,0,0,5.440992437020512e-05,1,1,1,1,1,0.4848663425943821
0.0001092896174863388,0.002457002457002457,0,0,0,1.9919921913906096e-05,0,1,0,1,1,0.2729623829087639
0.00014990256333383302,0.3333333333333333,0,0,0,1.0934339292548247e-05,1,1,1,1,1,0.48486310638508723
0.00011108642523883582,0.2,0,0,0,6.666222251849876e-05,1,1,0,1,1,0.38183434078615974
0.00012851818532322323,0.125,0,0,0,8.01127988207396e-06,1,1,0,1,1,0.3750124117695641
0.0001193744777366599,0.3333333333333333,0,0,0,3.0302112057210386e-05,0,1,0,1,1,0.30304390999301156
0.021739130434782608,0.09090909090909091,0,0,0,9.70864360540189e-06,1,1,1,1,1,0.46478708454431633
0.0002157497303128371,0.2,0,0,0,2.123863732902897e-05,1,1,1,1,1,0.4727488171243311
0.000142025280499929,0.125,0,0,0,1.5326610060386843e-05,0,1,0,1,1,0.2841052138082327
0.0001199616122840691,0.25,0,0,0,6.674631727194452e-06,1,1,0,1,1,0.38637514874945555
0.00012495314257153568,0.3333333333333333,0,0,1,4.2435815828559307e-05,1,1,1,1,1,0.5757727929356121
0.00013768415255404102,0.2,0,0,0,3.773442511603336e-05,1,1,0,1,1,0.38183412896160634
0.0001490757304710793,0.5,0,0,0,4.347637059258293e-05,0,1,0,1,1,0.3181993229182785
0.00013164823591363875,0.2,0,0,0,0.00011469205184080744,1,1,1,1,1,0.47274966729888673
0.00013493455673998112,0.25,0,0,0,6.808742425274052e-05,1,1,0,1,1,0.386382092907363
0.000142025280499929,0.5,0,0,0,2.047921359819783e-05,0,1,0,1,1,0.31819659131764527
0.0002074688796680498,0.2,0,0,0,1.24998437519531e-05,1,1,1,1,1,0.4727472698839473
0.00011200716845878136,0.16666666666666666,0,0,0,1.4285510206997042e-05,1,1,1,1,1,0.46970845084957563
0.0001303780964797914,0.004878048780487805,0,0,1,3.333222225925803e-05,1,1,0,1,1,0.45500379628174786
0.00014990256333383302,0.5,0,0,0,1.83880992221834e-05,0,1,0,1,1,0.31819711733295963
0.00012671059300557527,0.009523809523809525,0,0,0,2.499937501562461e-05,1,1,1,1,1,0.45542504722653004
0.00020588840848260242,0.14285714285714285,0,0,0,1.0988998913188007e-06,1,1,1,1,1,0.4675512845605015
0.0001048327916972429,0.125,0,0,0,9.900892070375541e-06,1,1,0,1,1,0.375010430334888
0.0001380452788514633,1.0,0,0,0,2.358434942572109e-05,1,1,1,1,1,0.5454692390571161
0.00012790995139421848,1.0,0,0,1,1.2820348457071063e-05,0,1,0,1,1,0.45455824820907736
0.00016353229762878168,0.25,0,0,0,1.2941968214526066e-05,1,1,1,1,1,0.47728877038780393
0.00010793308148947653,0.16666666666666666,0,0,0,8.671748311177016e-06,1,1,1,1,1,0.4697075701360424
0.00011247328759419637,0.5,0,0,0,1.5624755863189637e-05,0,1,0,1,1,0.31819346345849614
0.00011247328759419637,0.3333333333333333,0,0,0,1.6385381552452637e-07,1,1,0,1,1,0.3939496336795221
2.3936615841252362e-05,0.1,1,0,1,9.465394517643496e-06,1,1,0,1,1,0.5545484910918508
0.00013164823591363875,0.25,0,0,0,1.4925150370889987e-05,0,1,0,1,1,0.29546787030784405
0.00012840267077555214,0.25,0,0,0,1.8338865557776596e-05,1,1,0,1,1,0.38637697650330305
0.00010334849111202976,0.5,0,0,1,0.00010848340203948796,1,1,0,1,1,0.500019257444832
0.0002961208172934557,1.0,0,0,0,6.671069572584573e-06,1,1,0,1,1,0.45457298108062416
0.00022286605749944285,0.0005154639175257732,0,0,0,1.6474193176389187e-05,1,1,0,1,1,0.3637049821971092
0.0001342642320085929,0.0010152284263959391,0,0,0,2.0832899314597614e-05,0,1,0,1,1,0.27283366595979264
0.0001490757304710793,0.3333333333333333,1,0,0,4.944808519707287e-07,1,1,1,1,1,0.5757711730495142
0.00032071840923669016,0.125,0,0,0,9.523718821725508e-06,1,1,1,1,1,0.46593911292073253
0.00016452780519907864,0.5,1,0,0,3.3144278369513627e-07,1,1,1,1,1,0.5909240781134529
0.00013768415255404102,1.0,0,0,0,0.0008,1,1,0,1,1,0.4546306985593231
0.00020588840848260242,0.25,0,0,0,8.333263889467588e-06,1,1,0,1,1,0.3863831110611248
0.0001030290541932825,0.07692307692307693,0,0,0,9.208018342372538e-06,1,1,0,1,1,0.3706395739996011
0.00012553351744915893,0.5,0,0,0,2.0228992191609014e-05,1,1,0,1,1,0.40910416022814916
0.00017394329448599757,0.16666666666666666,0,0,0,2.0794776352180332e-05,0,1,0,1,1,0.2878964913397732
0.0013351134846461949,0.1111111111111111,0,0,0,8.333263889467588e-06,1,1,0,1,1,0.3738595052599679
0.00011154489682097045,0.14285714285714285,0,0,0,1.7515588874097946e-05,1,1,1,1,1,0.4675442003038944
0.00010156408693885842,0.25,0,0,0,6.44579089854325e-05,0,1,0,1,1,0.29546963836326584
0.00016852039096730705,0.3333333333333333,0,0,1,0.00014703720041170417,1,1,0,1,1,0.48487717190224655
0.00010924186148131964,0.2,0,0,1,3.225702396696881e-05,1,1,0,1,1,0.47274013626231354
0.00020729684908789387,0.25,0,0,1,5.3879310344827585e-05,1,1,0,1,1,0.47729647055994845
0.00014196479273140261,0.25,0,0,0,3.0724797984453255e-05,0,1,0,1,1,0.2954702445082469
0.00013493455673998112,0.16666666666666666,0,0,0,1.2578458132602105e-05,1,1,0,1,1,0.37880128906195815
0.0003325573661456601,0.2,0,0,0,2.564036819568729e-05,1,1,1,1,1,0.4727598361576674
0.00010793308148947653,0.3333333333333333,0,0,1,4.050550874918989e-05,1,1,1,1,1,0.5757710701748702
0.00013493455673998112,0.5,0,0,1,2.3255273133182948e-05,1,1,1,1,1,0.5909234718027158
0.00010187449062754686,0.1111111111111111,0,0,0,1.923039941539586e-05,0,1,0,1,1,0.2828392923637413
0.00010036130068245685,0.009900990099009901,0,0,0,2.4697456162015314e-05,1,1,1,1,1,0.4554569135323504
0.00010194719135487817,0.5,0,0,0,1.680644022789533e-05,0,1,0,1,1,0.31819261396650755
0.00010194719135487817,1.0,0,0,0,1.8181487609316193e-05,0,1,0,1,1,0.3636472844253604
0.0001261193088661874,0.25,0,0,0,7.692248521165222e-06,1,1,0,1,1,0.3863758010506716
0.00010653030787258975,0.125,0,0,0,8.928491709895448e-06,1,1,1,1,1,0.4659195871635984
0.00010463534581981794,0.09090909090909091,0,0,0,0.00014007564084605686,0,1,0,1,1,0.28101398199052335
0.00014585764294049007,0.25,0,0,0,2.6315096971132338e-05,1,1,1,1,1,0.477288379339992
0.00021404109589041095,0.3333333333333333,0,0,0,3.1249023468016625e-05,0,1,0,1,1,0.3030526021320629
0.000671591672263264,0.25,1,0,0,1.0416558160852491e-05,1,1,1,1,1,0.5682438189300385
8.217602103706138e-05,0.125,0,0,1,1.8658805090122027e-05,1,1,1,1,1,0.556827348620557
0.0001199616122840691,0.2,0,0,0,6.679714375413307e-06,0,1,0,1,1,0.29092060375696904
0.0034602076124567475,0.2,0,0,0,1.1415394801429208e-05,1,1,1,1,1,0.4730428748188417
0.00022286605749944285,0.5,0,0,0,6.755661244122575e-06,1,1,1,1,1,0.500020874701704
0.00011684973124561814,0.002197802197802198,1,0,0,0.0001999600079984003,1,1,0,1,1,0.4547740556306406
0.00013164823591363875,0.016666666666666666,0,0,0,2.2572853885916798e-05,1,1,0,1,1,0.36516553525058787
0.00010995052226498076,0.14285714285714285,0,0,0,2.359547910620325e-05,0,1,0,1,1,0.2857264262598649
0.003067484662576687,0.125,0,0,1,0.00012498437695288088,1,1,1,1,1,0.5571084062763209
0.003067484662576687,0.1111111111111111,0,0,1,0.000999000999000999,0,1,0,1,1,0.37410705425206264
0.00010968520346605243,0.125,0,0,0,0.00022217285047767163,1,1,1,1,1,0.46593925982308576
0.00011018069634200089,0.16666666666666666,0,0,0,2.612398443010528e-05,1,1,0,1,1,0.3788002701224944
0.0006963788300835655,0.1111111111111111,0,0,1,5.555246930726071e-05,1,1,0,1,1,0.4647148220373183
0.0002961208172934557,0.3333333333333333,0,0,0,1.1904620183093059e-05,1,1,0,1,1,0.39396739625189175
0.00012845215157353886,0.00145985401459854,0,0,0,5.555246930726071e-05,1,1,1,1,1,0.4546948962395891
0.000142025280499929,0.5,0,0,0,3.571301024963394e-05,0,1,0,1,1,0.3181979762082499
1.5747535510692576e-05,0.09090909090909091,1,0,1,7.680432561961889e-06,0,1,0,1,1,0.4628120471706513
0.00018996960486322188,0.5,0,0,1,1.2194973232033756e-05,1,1,1,1,1,0.5909274695070995
0.0001490757304710793,1.0,0,0,0,4.999750012499375e-05,0,1,0,1,1,0.36365446120278144
0.00022286605749944285,0.25,0,0,1,2.127614306078594e-05,1,1,1,1,1,0.5682040129273237
0.00016758840288252054,1.0,0,0,0,0.0001999600079984003,1,1,0,1,1,0.4545788680373528
0.00010924186148131964,0.125,0,0,1,0.0003332222592469177,1,1,0,1,1,0.4659493149200662
0.00022286605749944285,0.25,0,0,0,6.808278867102397e-05,1,1,1,1,1,0.47729917716783365
0.00016350555918901244,0.14285714285714285,1,0,0,7.691716021844474e-05,1,1,0,1,1,0.4675543241433227
0.00024289531212047608,0.5,0,0,1,2.702629658657874e-05,1,1,1,1,1,0.5909336292371552
0.0001342642320085929,0.5,0,0,0,6.108362348054486e-05,1,1,1,1,1,0.5000177588959536
0.00012158054711246201,0.5,0,0,0,0.00019603999215840032,1,1,0,1,1,0.4091197836853882
0.00011013215859030837,0.5,0,0,1,2.0832899314597614e-05,0,1,0,1,1,0.4091028150052641
0.0001342642320085929,1.0,0,0,0,1.999960000799984e-05,0,1,0,1,1,0.3636503876210924
0.00012553351744915893,0.5,0,0,0,6.671069572584573e-06,0,1,0,1,1,0.31819383678063834
0.0001034340091021928,0.5,1,0,0,6.671069572584573e-06,1,1,1,1,1,0.5909191004616977
0.00013164823591363875,1.0,0,0,0,1.923039941539586e-05,1,1,1,1,1,0.5454682616941209
0.00014196479273140261,0.25,0,0,0,2.6854288629894193e-05,0,1,0,1,1,0.2954698926437601
0.00014585764294049007,0.3333333333333333,0,0,0,6.671069572584573e-06,0,1,0,1,1,0.3030441692768951
0.0003325573661456601,0.25,1,0,1,1.7543551867511095e-05,1,1,0,1,1,0.5682136455380011
0.00010797969981643452,0.2,0,0,0,1.24998437519531e-05,1,1,0,1,1,0.3818291345039608
0.00024289531212047608,0.2,0,0,0,7.691716021844474e-05,1,1,1,1,1,0.47275634658839444
0.0003325573661456601,0.14285714285714285,0,0,1,8.332638946754438e-05,1,1,1,1,1,0.5584793660557051
0.00013101008777675882,0.009174311926605505,0,0,0,9.99990000099999e-06,1,1,1,1,1,0.45539230199221664
0.0001336005344021376,0.5,0,0,0,9.99990000099999e-06,1,1,0,1,1,0.40910396367585483
0.00020729684908789387,0.3333333333333333,0,0,1,1.7119476828788114e-05,1,1,0,1,1,0.4848688863326591
0.00011634671320535195,0.3333333333333333,0,0,0,6.668845156084321e-06,0,1,0,1,1,0.30304148626288135
0.00020588840848260242,0.5,0,0,0,0.0003332222592469177,1,1,1,1,1,0.5000490100607027
0.00013101008777675882,0.5,0,0,0,1.923039941539586e-05,1,1,0,1,1,0.4091045673170175
0.00014128284826222097,0.5,0,0,0,6.76223965377333e-05,0,1,0,1,1,0.3182008095677091
0.00016852039096730705,0.2,0,0,1,0.00018964536317087047,1,1,1,1,1,0.5636689241594671
0.00010156408693885842,0.0022471910112359553,0,0,0,0.00016663889351774705,1,1,1,1,1,0.4547741267265175
0.0001577784790154623,0.3333333333333333,1,0,1,1.923039941539586e-05,1,1,1,1,1,0.6666827583828877
0.00011200716845878136,0.3333333333333333,0,0,1,4.545247943275306e-05,1,1,1,1,1,0.5757718902710205
0.00013101008777675882,0.5,0,0,0,5.88200694076819e-05,1,1,1,1,1,0.5000172572870167
0.00012790995139421848,0.5,0,0,0,0.000999000999000999,0,1,0,1,1,0.3182842646318541
0.0001926782273603083,0.16666666666666666,0,0,0,2.777700619427238e-05,1,1,0,1,1,0.3788079201727474
0.00012212994626282364,0.5,0,0,0,1.4285510206997042e-05,0,1,0,1,1,0.31819421958695177
0.00018351991191044228,1.0,0,0,0,1.004005983875664e-05,1,1,0,1,1,0.45456305090652266
0.012048192771084338,0.14285714285714285,1,0,0,1.666638889351844e-05,1,1,0,1,1,0.4686292729106473
0.00010194719135487817,0.2,1,0,0,6.5789040861573275e-06,0,1,0,1,1,0.3818280478268583
0.0013351134846461949,0.5,0,0,0,0.0001999600079984003,0,1,0,1,1,0.3183213703175131
0.00013101008777675882,0.5,0,0,0,3.448156960104824e-05,1,1,1,1,1,0.5000150446961252
0.0001048327916972429,0.25,0,0,0,1.6262648274695644e-06,1,1,0,1,1,0.3863733144596841
0.0001199616122840691,0.2,0,0,0,6.6666222225185165e-06,0,1,0,1,1,0.2909206025667733
0.0001577784790154623,0.3333333333333333,0,0,0,1.7856823985285978e-05,1,1,0,1,1,0.3939553607851213
0.00011486331265793706,0.0015503875968992248,0,0,0,1.0,1,1,0,1,1,0.45469684099177793
0.00010274324463166547,0.5,0,0,0,1.9896534043666128e-07,1,1,1,1,1,0.5000093583827248
